,PerfEval,Seniority,Age,Education_College,Education_High School,Education_Masters,Education_PhD,JobTitle_Data Scientist,JobTitle_Driver,JobTitle_Financial Analyst,JobTitle_Graphic Designer,JobTitle_IT,JobTitle_Manager,JobTitle_Marketing Associate,JobTitle_Sales Associate,JobTitle_Software Engineer,JobTitle_Warehouse Associate,Gender_Female,Gender_Male,Dept_Administration,Dept_Engineering,Dept_Management,Dept_Operations,Dept_Sales,income
0,5,2,18,1,0,0,0,0,0,0,1,0,0,0,0,0,0,1,0,0,0,0,1,0,0
2,4,5,19,0,0,0,1,0,0,0,0,0,0,0,0,0,1,1,0,1,0,0,0,0,0
4,5,5,26,0,0,1,0,0,0,0,1,0,0,0,0,0,0,0,1,0,1,0,0,0,0
5,5,4,20,0,0,0,1,0,0,0,0,1,0,0,0,0,0,1,0,0,0,0,1,0,0
6,5,4,20,1,0,0,0,0,0,0,1,0,0,0,0,0,0,1,0,0,0,0,0,1,0
7,4,5,18,0,0,0,1,0,0,0,0,0,0,0,0,1,0,0,1,0,1,0,0,0,0
9,5,5,35,1,0,0,0,0,0,0,0,0,0,0,1,0,0,1,0,0,1,0,0,0,0
10,5,5,24,0,0,0,1,0,0,0,1,0,0,0,0,0,0,0,1,0,1,0,0,0,0
11,5,3,18,1,0,0,0,0,1,0,0,0,0,0,0,0,0,1,0,0,0,1,0,0,0
12,5,3,19,1,0,0,0,0,0,1,0,0,0,0,0,0,0,1,0,0,0,0,0,1,0
13,5,5,30,0,0,1,0,0,0,0,0,0,0,0,0,0,1,1,0,1,0,0,0,0,0
14,5,4,35,0,0,0,1,0,0,0,0,0,0,0,0,0,1,1,0,0,0,0,1,0,0
15,5,3,27,0,0,0,1,0,0,0,0,0,0,1,0,0,0,1,0,0,0,1,0,0,0
16,5,5,23,0,0,0,1,0,0,1,0,0,0,0,0,0,0,1,0,1,0,0,0,0,0
17,5,5,24,1,0,0,0,0,0,0,0,0,0,0,0,0,1,1,0,1,0,0,0,0,0
18,5,5,21,0,1,0,0,0,0,0,0,0,0,0,1,0,0,0,1,0,1,0,0,0,0
19,5,5,30,1,0,0,0,1,0,0,0,0,0,0,0,0,0,1,0,0,1,0,0,0,0
21,5,3,24,0,0,0,1,0,0,1,0,0,0,0,0,0,0,0,1,0,0,0,0,1,0
22,5,3,24,0,0,0,1,0,0,0,0,0,0,0,0,0,1,0,1,0,0,0,0,1,0
23,5,1,35,1,0,0,0,0,1,0,0,0,0,0,0,0,0,1,0,0,0,1,0,0,0
25,5,2,26,1,0,0,0,0,0,0,1,0,0,0,0,0,0,1,0,0,1,0,0,0,0
26,5,4,19,0,0,1,0,0,0,0,0,0,0,0,0,1,0,0,1,1,0,0,0,0,0
27,5,3,35,0,0,0,1,0,0,0,1,0,0,0,0,0,0,0,1,0,0,1,0,0,0
28,5,4,34,0,0,0,1,0,0,0,0,0,0,0,0,0,1,0,1,0,1,0,0,0,0
30,5,2,20,0,0,1,0,0,0,0,0,0,0,0,0,1,0,0,1,0,0,1,0,0,0
31,5,5,35,0,0,1,0,0,0,0,0,0,0,0,1,0,0,0,1,0,0,1,0,0,0
32,5,4,26,0,0,0,1,0,0,0,0,0,0,1,0,0,0,1,0,0,0,0,1,0,0
33,5,3,22,0,1,0,0,1,0,0,0,0,0,0,0,0,0,1,0,0,1,0,0,0,0
35,5,4,27,0,0,0,1,0,0,0,0,0,0,0,0,1,0,0,1,0,0,1,0,0,0
36,5,4,21,0,1,0,0,0,0,0,0,0,0,0,0,1,0,0,1,0,0,1,0,0,0
37,5,3,31,0,1,0,0,0,0,0,0,0,0,0,0,1,0,0,1,0,0,0,1,0,0
38,5,4,33,1,0,0,0,0,0,0,0,1,0,0,0,0,0,1,0,0,0,1,0,0,0
39,5,4,19,1,0,0,0,0,0,0,0,1,0,0,0,0,0,0,1,1,0,0,0,0,0
40,5,5,29,0,0,0,1,1,0,0,0,0,0,0,0,0,0,0,1,1,0,0,0,0,0
41,5,3,32,0,0,0,1,1,0,0,0,0,0,0,0,0,0,0,1,0,0,1,0,0,0
42,5,2,31,0,0,0,1,0,0,0,0,0,0,0,0,1,0,0,1,0,0,0,0,1,0
43,5,2,22,0,0,1,0,0,0,0,0,0,0,0,0,0,1,0,1,0,1,0,0,0,0
45,5,3,22,0,0,1,0,0,0,0,0,0,0,0,0,1,0,0,1,0,0,1,0,0,0
46,5,3,21,0,0,0,1,1,0,0,0,0,0,0,0,0,0,1,0,0,0,0,1,0,0
47,5,3,26,0,0,0,1,0,0,0,1,0,0,0,0,0,0,1,0,0,0,0,0,1,0
48,5,5,21,1,0,0,0,0,0,0,0,0,0,1,0,0,0,0,1,0,0,1,0,0,0
49,5,4,22,0,1,0,0,0,0,0,0,1,0,0,0,0,0,1,0,0,0,0,0,1,0
50,4,5,18,0,0,1,0,0,0,0,0,0,0,0,1,0,0,0,1,0,0,0,1,0,0
51,4,4,18,0,0,1,0,0,0,0,0,0,0,0,0,1,0,0,1,0,0,0,1,0,0
52,5,5,35,0,0,0,1,0,0,0,0,0,0,1,0,0,0,1,0,0,1,0,0,0,0
53,5,2,33,0,0,1,0,1,0,0,0,0,0,0,0,0,0,1,0,0,0,0,0,1,0
54,4,3,22,0,0,1,0,0,0,0,0,0,0,0,0,1,0,1,0,0,0,0,1,0,0
55,4,4,24,1,0,0,0,1,0,0,0,0,0,0,0,0,0,1,0,1,0,0,0,0,0
56,5,2,31,0,1,0,0,0,1,0,0,0,0,0,0,0,0,1,0,0,1,0,0,0,0
58,5,3,49,1,0,0,0,1,0,0,0,0,0,0,0,0,0,1,0,0,0,0,1,0,0
59,5,4,20,0,0,1,0,0,0,0,0,0,0,1,0,0,0,1,0,1,0,0,0,0,0
60,5,4,18,0,0,0,1,0,0,1,0,0,0,0,0,0,0,0,1,0,1,0,0,0,0
61,5,3,34,0,0,1,0,0,0,0,1,0,0,0,0,0,0,0,1,0,0,1,0,0,0
62,5,2,41,1,0,0,0,0,0,0,0,0,0,0,0,0,1,1,0,0,0,0,1,0,0
63,5,3,19,0,0,0,1,0,0,0,0,0,0,0,0,1,0,0,1,1,0,0,0,0,0
64,5,4,31,1,0,0,0,0,1,0,0,0,0,0,0,0,0,0,1,0,0,1,0,0,0
65,5,3,33,0,1,0,0,0,0,0,0,0,0,0,1,0,0,1,0,0,1,0,0,0,0
67,5,1,24,0,1,0,0,0,0,0,0,0,0,0,1,0,0,0,1,1,0,0,0,0,0
68,5,4,18,0,0,0,1,1,0,0,0,0,0,0,0,0,0,0,1,1,0,0,0,0,0
69,5,2,18,0,1,0,0,1,0,0,0,0,0,0,0,0,0,0,1,0,0,0,1,0,0
71,5,1,31,1,0,0,0,0,0,0,0,0,0,0,1,0,0,1,0,0,0,1,0,0,0
72,4,5,31,0,0,0,1,0,0,0,0,0,0,0,0,0,1,1,0,0,0,0,1,0,0
74,4,2,22,0,1,0,0,1,0,0,0,0,0,0,0,0,0,0,1,0,0,1,0,0,0
75,5,3,23,0,0,0,1,0,0,0,0,0,0,1,0,0,0,1,0,1,0,0,0,0,0
76,4,3,36,1,0,0,0,0,0,0,0,0,0,0,0,0,1,1,0,0,0,1,0,0,0
77,5,5,39,1,0,0,0,0,0,0,0,0,0,1,0,0,0,1,0,0,0,0,0,1,0
78,5,2,39,1,0,0,0,0,0,0,0,0,0,0,0,0,1,1,0,0,1,0,0,0,0
79,5,3,23,0,0,1,0,0,0,0,1,0,0,0,0,0,0,0,1,0,0,1,0,0,0
81,3,4,25,0,0,1,0,0,0,0,0,0,0,0,0,0,1,1,0,0,1,0,0,0,0
82,5,1,21,0,0,0,1,0,0,0,0,0,0,0,0,0,1,0,1,0,0,1,0,0,0
83,5,2,28,0,1,0,0,0,0,0,0,0,0,0,0,0,1,0,1,0,1,0,0,0,0
85,5,1,32,0,0,0,1,1,0,0,0,0,0,0,0,0,0,1,0,0,1,0,0,0,0
86,5,3,48,0,0,0,1,0,0,0,0,1,0,0,0,0,0,1,0,0,0,0,1,0,0
88,5,1,31,0,0,0,1,0,0,0,1,0,0,0,0,0,0,0,1,0,1,0,0,0,0
90,5,2,26,0,0,0,1,0,0,0,0,0,0,0,0,1,0,0,1,0,0,0,1,0,0
91,5,3,36,0,0,1,0,0,0,1,0,0,0,0,0,0,0,1,0,1,0,0,0,0,0
92,5,1,34,0,0,1,0,0,0,0,0,0,0,1,0,0,0,1,0,0,1,0,0,0,0
94,5,3,18,1,0,0,0,0,0,0,0,0,0,0,0,1,0,0,1,0,0,0,1,0,0
95,4,4,21,0,0,1,0,0,1,0,0,0,0,0,0,0,0,1,0,0,0,0,0,1,0
97,4,4,22,0,0,1,0,0,0,0,1,0,0,0,0,0,0,1,0,1,0,0,0,0,0
98,5,1,29,0,1,0,0,0,0,0,0,0,0,0,0,1,0,0,1,0,0,1,0,0,0
100,5,5,34,0,1,0,0,0,0,0,0,0,0,1,0,0,0,1,0,0,0,0,0,1,0
104,4,4,25,0,0,1,0,0,0,0,0,0,0,0,0,0,1,1,0,0,0,0,1,0,0
105,4,4,21,0,0,1,0,0,0,1,0,0,0,0,0,0,0,1,0,0,0,0,1,0,0
106,5,1,28,0,0,0,1,0,0,0,0,0,0,0,1,0,0,0,1,1,0,0,0,0,0
107,5,1,18,0,1,0,0,0,0,0,0,1,0,0,0,0,0,0,1,0,1,0,0,0,0
108,5,1,46,0,0,0,1,0,0,0,0,0,0,0,0,0,1,0,1,0,0,0,0,1,0
109,4,5,29,0,0,1,0,0,0,0,0,0,0,1,0,0,0,1,0,1,0,0,0,0,0
110,4,4,32,0,0,0,1,0,1,0,0,0,0,0,0,0,0,0,1,0,1,0,0,0,0
111,5,4,26,1,0,0,0,0,0,1,0,0,0,0,0,0,0,0,1,0,1,0,0,0,0
112,5,3,51,0,1,0,0,0,0,0,0,0,0,0,0,0,1,1,0,0,0,1,0,0,0
113,5,3,40,0,0,1,0,0,0,0,0,0,0,1,0,0,0,1,0,1,0,0,0,0,0
114,5,2,52,0,0,1,0,0,0,0,0,0,0,0,1,0,0,1,0,0,1,0,0,0,0
115,4,4,29,0,0,1,0,0,0,1,0,0,0,0,0,0,0,1,0,1,0,0,0,0,0
116,5,2,37,0,0,1,0,0,1,0,0,0,0,0,0,0,0,1,0,1,0,0,0,0,0
117,4,4,23,0,0,1,0,0,0,0,0,0,0,1,0,0,0,1,0,0,1,0,0,0,0
118,4,3,18,0,0,0,1,0,0,0,1,0,0,0,0,0,0,1,0,0,0,0,1,0,0
119,5,2,40,1,0,0,0,0,1,0,0,0,0,0,0,0,0,0,1,0,0,1,0,0,0
120,4,2,18,0,0,1,0,0,1,0,0,0,0,0,0,0,0,1,0,1,0,0,0,0,0
121,4,3,26,1,0,0,0,0,0,0,0,0,0,1,0,0,0,1,0,0,0,1,0,0,0
124,5,2,49,0,0,1,0,0,1,0,0,0,0,0,0,0,0,0,1,0,0,0,1,0,0
125,5,2,26,1,0,0,0,0,0,0,0,1,0,0,0,0,0,1,0,1,0,0,0,0,0
127,5,3,49,1,0,0,0,0,0,0,0,1,0,0,0,0,0,1,0,0,0,1,0,0,0
128,4,4,27,0,1,0,0,0,0,1,0,0,0,0,0,0,0,1,0,1,0,0,0,0,0
129,5,5,38,1,0,0,0,1,0,0,0,0,0,0,0,0,0,0,1,1,0,0,0,0,0
131,5,4,49,0,1,0,0,0,0,1,0,0,0,0,0,0,0,0,1,0,1,0,0,0,0
132,4,5,26,0,1,0,0,0,0,0,0,0,0,1,0,0,0,0,1,0,1,0,0,0,0
133,5,1,44,0,1,0,0,0,0,0,0,0,0,1,0,0,0,1,0,0,0,0,0,1,0
134,5,3,33,0,0,1,0,0,0,0,1,0,0,0,0,0,0,0,1,0,0,1,0,0,0
135,5,1,22,0,0,0,1,0,0,0,1,0,0,0,0,0,0,0,1,1,0,0,0,0,0
136,5,3,41,0,0,1,0,0,0,1,0,0,0,0,0,0,0,0,1,0,1,0,0,0,0
137,4,4,26,1,0,0,0,0,0,1,0,0,0,0,0,0,0,0,1,0,0,0,1,0,0
138,5,1,29,0,1,0,0,1,0,0,0,0,0,0,0,0,0,0,1,1,0,0,0,0,0
139,4,5,24,0,1,0,0,0,1,0,0,0,0,0,0,0,0,1,0,1,0,0,0,0,0
140,5,1,32,0,0,0,1,0,0,0,0,0,1,0,0,0,0,1,0,0,0,0,1,0,0
141,4,5,36,0,1,0,0,0,0,0,0,0,0,1,0,0,0,1,0,0,0,0,1,0,0
142,4,3,41,0,0,1,0,0,0,0,0,0,0,0,0,0,1,1,0,0,1,0,0,0,0
145,5,2,48,0,0,0,1,0,0,0,0,0,0,0,0,0,1,0,1,0,0,1,0,0,0
146,3,4,28,0,0,0,1,0,0,0,0,0,0,0,0,1,0,1,0,0,1,0,0,0,0
147,5,1,40,1,0,0,0,0,0,0,0,0,0,0,0,1,0,0,1,0,0,1,0,0,0
148,4,3,21,0,1,0,0,0,0,0,0,0,1,0,0,0,0,0,1,0,1,0,0,0,0
149,4,2,19,1,0,0,0,0,0,0,0,0,0,0,0,0,1,1,0,0,0,0,0,1,0
151,5,3,57,0,1,0,0,0,0,0,0,0,0,0,0,0,1,1,0,0,1,0,0,0,0
152,4,5,28,0,0,1,0,1,0,0,0,0,0,0,0,0,0,0,1,1,0,0,0,0,0
153,5,1,52,1,0,0,0,0,0,0,1,0,0,0,0,0,0,1,0,1,0,0,0,0,0
154,5,1,48,0,0,1,0,1,0,0,0,0,0,0,0,0,0,1,0,0,0,1,0,0,0
155,5,2,57,0,0,0,1,0,0,0,0,0,0,0,0,0,1,1,0,1,0,0,0,0,0
158,5,3,47,0,0,1,0,0,0,0,0,0,0,1,0,0,0,0,1,0,0,0,1,0,0
159,4,4,18,0,0,1,0,0,0,0,0,1,0,0,0,0,0,0,1,1,0,0,0,0,0
160,4,1,35,0,0,0,1,0,0,0,0,0,0,0,1,0,0,1,0,0,0,0,0,1,0
161,5,3,51,1,0,0,0,0,0,0,1,0,0,0,0,0,0,1,0,0,0,0,1,0,0
162,5,3,51,0,1,0,0,0,0,0,0,0,0,0,0,0,1,1,0,0,0,0,0,1,0
164,4,1,24,0,0,1,0,0,0,0,0,0,0,0,0,1,0,0,1,0,0,1,0,0,0
166,5,1,22,0,1,0,0,0,0,0,0,0,0,0,1,0,0,0,1,1,0,0,0,0,0
167,5,2,33,0,1,0,0,0,0,0,0,0,0,1,0,0,0,1,0,0,0,0,1,0,0
168,5,1,36,0,0,1,0,0,0,1,0,0,0,0,0,0,0,0,1,0,0,0,1,0,0
169,5,1,27,0,1,0,0,0,0,0,0,0,0,1,0,0,0,1,0,0,0,1,0,0,0
170,5,4,39,0,1,0,0,0,1,0,0,0,0,0,0,0,0,0,1,0,1,0,0,0,0
171,4,1,19,0,0,1,0,0,0,0,1,0,0,0,0,0,0,0,1,0,0,0,0,1,0
172,5,1,59,0,0,1,0,0,0,0,0,0,0,0,0,1,0,0,1,0,1,0,0,0,0
173,3,5,20,0,0,0,1,0,0,0,0,0,0,1,0,0,0,1,0,0,0,0,0,1,0
174,4,3,29,0,0,1,0,0,0,0,0,1,0,0,0,0,0,1,0,0,0,1,0,0,0
176,4,2,30,0,0,1,0,0,0,0,0,1,0,0,0,0,0,1,0,0,1,0,0,0,0
177,5,2,42,1,0,0,0,0,0,0,0,1,0,0,0,0,0,1,0,0,0,0,1,0,0
178,4,4,42,0,0,1,0,0,1,0,0,0,0,0,0,0,0,1,0,0,0,1,0,0,0
179,4,5,50,0,0,1,0,0,0,0,0,0,0,0,0,0,1,1,0,0,1,0,0,0,0
182,4,1,23,0,0,0,1,0,0,0,0,0,1,0,0,0,0,0,1,1,0,0,0,0,0
183,5,1,33,0,1,0,0,0,0,0,0,0,0,1,0,0,0,1,0,0,1,0,0,0,0
184,4,4,39,0,1,0,0,0,0,0,0,0,0,0,0,1,0,0,1,0,0,0,0,1,0
186,3,5,24,0,0,1,0,0,0,0,0,0,0,1,0,0,0,1,0,0,0,0,1,0,0
187,4,3,37,0,0,0,1,0,0,0,0,0,0,1,0,0,0,1,0,1,0,0,0,0,0
188,5,2,53,0,1,0,0,0,0,0,1,0,0,0,0,0,0,0,1,0,0,0,1,0,0
189,5,2,33,0,0,0,1,0,0,0,0,0,0,0,0,1,0,0,1,1,0,0,0,0,0
191,5,2,52,0,1,0,0,0,0,1,0,0,0,0,0,0,0,1,0,0,1,0,0,0,0
192,5,4,40,0,0,1,0,0,0,0,0,0,0,0,0,0,1,0,1,0,0,0,0,1,0
193,4,5,43,0,0,0,1,0,0,0,0,0,0,0,0,1,0,0,1,0,0,1,0,0,0
194,5,2,19,0,1,0,0,1,0,0,0,0,0,0,0,0,0,0,1,0,0,0,1,0,0
196,5,2,44,0,0,1,0,0,0,0,0,0,0,0,1,0,0,0,1,1,0,0,0,0,0
197,4,3,23,0,0,1,0,0,0,0,0,0,1,0,0,0,0,0,1,0,0,0,0,1,0
198,5,1,51,1,0,0,0,0,1,0,0,0,0,0,0,0,0,1,0,0,0,0,1,0,0
199,4,2,20,0,0,0,1,0,0,0,0,1,0,0,0,0,0,0,1,0,1,0,0,0,0
200,5,2,47,1,0,0,0,0,0,1,0,0,0,0,0,0,0,0,1,1,0,0,0,0,0
201,5,4,49,1,0,0,0,0,0,0,1,0,0,0,0,0,0,0,1,0,0,1,0,0,0
202,4,2,26,1,0,0,0,0,0,0,0,0,0,0,0,1,0,0,1,1,0,0,0,0,0
203,4,4,44,0,1,0,0,0,0,0,1,0,0,0,0,0,0,1,0,1,0,0,0,0,0
204,3,2,18,0,0,1,0,0,0,0,0,0,0,0,0,1,0,0,1,0,1,0,0,0,0
205,4,4,32,1,0,0,0,1,0,0,0,0,0,0,0,0,0,1,0,0,0,1,0,0,0
206,4,4,18,0,1,0,0,0,0,0,0,0,0,0,1,0,0,0,1,0,0,1,0,0,0
207,5,2,63,0,1,0,0,0,0,0,0,0,0,0,0,0,1,1,0,0,0,0,0,1,0
208,4,4,37,1,0,0,0,0,0,0,1,0,0,0,0,0,0,1,0,0,1,0,0,0,0
209,4,2,22,0,0,1,0,0,0,0,1,0,0,0,0,0,0,0,1,0,0,0,0,1,0
210,5,2,64,0,0,0,1,0,0,0,0,0,0,1,0,0,0,1,0,0,0,0,0,1,0
212,4,2,20,1,0,0,0,0,0,0,0,0,1,0,0,0,0,0,1,0,0,0,0,1,0
213,5,1,39,1,0,0,0,0,0,1,0,0,0,0,0,0,0,1,0,0,0,0,1,0,0
214,4,2,37,0,0,1,0,1,0,0,0,0,0,0,0,0,0,1,0,0,1,0,0,0,0
215,4,3,39,0,0,0,1,1,0,0,0,0,0,0,0,0,0,1,0,0,0,1,0,0,0
216,4,4,29,0,1,0,0,0,0,1,0,0,0,0,0,0,0,0,1,0,0,1,0,0,0
218,5,4,38,0,0,0,1,0,1,0,0,0,0,0,0,0,0,0,1,0,1,0,0,0,0
222,5,4,46,0,1,0,0,0,0,0,1,0,0,0,0,0,0,0,1,0,1,0,0,0,0
223,4,1,28,0,1,0,0,0,1,0,0,0,0,0,0,0,0,1,0,0,0,1,0,0,0
224,5,1,52,0,0,1,0,0,0,0,0,1,0,0,0,0,0,0,1,0,1,0,0,0,0
226,5,1,34,1,0,0,0,0,0,0,0,1,0,0,0,0,0,1,0,0,0,0,1,0,0
227,4,5,27,0,1,0,0,0,0,0,0,0,0,1,0,0,0,1,0,1,0,0,0,0,0
228,4,4,18,0,1,0,0,0,0,0,1,0,0,0,0,0,0,0,1,0,0,0,0,1,0
229,4,2,31,1,0,0,0,0,0,0,1,0,0,0,0,0,0,1,0,0,1,0,0,0,0
230,4,1,27,0,1,0,0,0,0,0,0,0,0,0,0,1,0,1,0,0,0,0,1,0,0
231,3,2,29,0,0,1,0,0,0,0,0,0,0,0,1,0,0,0,1,0,0,1,0,0,0
232,5,1,41,0,0,1,0,0,1,0,0,0,0,0,0,0,0,1,0,1,0,0,0,0,0
234,4,1,23,0,1,0,0,0,0,0,1,0,0,0,0,0,0,0,1,0,0,0,1,0,0
235,4,3,29,0,1,0,0,1,0,0,0,0,0,0,0,0,0,0,1,0,1,0,0,0,0
236,5,2,38,0,1,0,0,1,0,0,0,0,0,0,0,0,0,0,1,0,0,0,0,1,0
237,4,5,34,1,0,0,0,0,1,0,0,0,0,0,0,0,0,0,1,1,0,0,0,0,0
238,5,2,62,1,0,0,0,0,0,0,0,0,0,0,1,0,0,1,0,0,0,0,1,0,0
239,4,5,40,1,0,0,0,0,0,0,0,1,0,0,0,0,0,0,1,1,0,0,0,0,0
240,4,1,27,0,0,1,0,0,0,0,0,0,0,0,0,1,0,0,1,0,1,0,0,0,0
241,4,5,35,0,0,0,1,0,0,1,0,0,0,0,0,0,0,0,1,0,0,0,1,0,0
242,4,3,19,1,0,0,0,0,0,0,0,1,0,0,0,0,0,0,1,0,1,0,0,0,0
244,3,3,23,0,1,0,0,0,0,0,0,0,0,0,1,0,0,0,1,0,1,0,0,0,0
245,5,4,43,1,0,0,0,0,0,0,0,1,0,0,0,0,0,0,1,0,0,0,1,0,0
246,4,4,48,1,0,0,0,0,0,0,1,0,0,0,0,0,0,1,0,1,0,0,0,0,0
247,4,4,20,1,0,0,0,0,0,0,0,0,0,1,0,0,0,1,0,0,0,0,0,1,0
249,3,5,25,0,0,0,1,0,1,0,0,0,0,0,0,0,0,0,1,0,1,0,0,0,0
250,3,4,21,0,0,1,0,0,0,0,1,0,0,0,0,0,0,0,1,0,1,0,0,0,0
251,4,1,24,0,0,1,0,0,0,1,0,0,0,0,0,0,0,0,1,1,0,0,0,0,0
252,5,2,61,0,0,1,0,1,0,0,0,0,0,0,0,0,0,1,0,0,0,1,0,0,0
253,5,2,52,0,1,0,0,0,0,0,0,0,1,0,0,0,0,0,1,0,0,0,1,0,0
254,4,3,26,0,1,0,0,1,0,0,0,0,0,0,0,0,0,0,1,0,0,1,0,0,0
255,4,2,30,0,1,0,0,0,0,1,0,0,0,0,0,0,0,1,0,0,0,0,1,0,0
256,4,1,29,0,1,0,0,0,0,0,0,0,0,0,0,1,0,0,1,0,1,0,0,0,0
257,5,3,46,0,0,0,1,0,0,0,0,1,0,0,0,0,0,1,0,0,0,0,0,1,0
258,4,5,49,1,0,0,0,0,1,0,0,0,0,0,0,0,0,0,1,0,0,0,0,1,0
259,3,5,37,0,1,0,0,0,0,0,0,0,0,0,0,0,1,1,0,0,1,0,0,0,0
260,5,1,51,0,0,1,0,0,0,0,0,0,0,0,1,0,0,1,0,0,0,1,0,0,0
261,4,1,28,0,0,1,0,0,0,0,0,0,0,0,0,0,1,1,0,0,0,0,1,0,0
263,5,1,48,1,0,0,0,0,0,0,0,0,0,0,0,0,1,0,1,0,0,0,0,1,0
264,5,2,53,0,1,0,0,1,0,0,0,0,0,0,0,0,0,0,1,0,0,1,0,0,0
265,4,3,29,0,1,0,0,1,0,0,0,0,0,0,0,0,0,1,0,0,1,0,0,0,0
266,4,1,19,0,1,0,0,0,0,0,0,0,0,0,0,0,1,1,0,0,0,0,1,0,0
267,3,3,18,0,0,0,1,0,1,0,0,0,0,0,0,0,0,0,1,0,0,0,1,0,0
268,4,3,28,0,1,0,0,0,0,0,0,1,0,0,0,0,0,0,1,0,0,0,1,0,0
269,4,2,31,0,1,0,0,1,0,0,0,0,0,0,0,0,0,1,0,0,0,0,1,0,0
270,4,3,58,0,0,0,1,0,0,0,1,0,0,0,0,0,0,1,0,0,0,0,0,1,0
271,5,3,41,0,1,0,0,0,0,0,0,1,0,0,0,0,0,1,0,0,0,0,1,0,0
272,4,3,36,0,0,0,1,0,1,0,0,0,0,0,0,0,0,0,1,0,0,0,1,0,0
273,3,4,34,0,1,0,0,0,0,0,0,0,0,0,1,0,0,1,0,0,0,0,0,1,0
274,5,5,56,0,0,1,0,0,1,0,0,0,0,0,0,0,0,0,1,0,0,0,0,1,0
276,4,3,37,0,1,0,0,0,0,0,0,0,0,0,0,0,1,0,1,0,0,1,0,0,0
277,4,5,28,0,1,0,0,0,0,0,0,1,0,0,0,0,0,0,1,1,0,0,0,0,0
278,4,2,47,1,0,0,0,0,0,0,0,0,0,0,0,0,1,1,0,1,0,0,0,0,0
279,4,4,44,0,1,0,0,0,0,0,1,0,0,0,0,0,0,0,1,0,0,0,0,1,0
280,4,2,24,0,0,1,0,1,0,0,0,0,0,0,0,0,0,0,1,0,0,0,0,1,0
281,5,1,47,0,0,0,1,0,0,0,0,1,0,0,0,0,0,0,1,0,0,0,1,0,0
282,5,1,33,0,0,1,0,0,0,1,0,0,0,0,0,0,0,0,1,0,0,0,1,0,0
283,4,1,22,0,0,1,0,0,0,0,0,1,0,0,0,0,0,1,0,0,0,0,0,1,0
285,4,2,20,0,1,0,0,0,0,1,0,0,0,0,0,0,0,0,1,0,0,0,1,0,0
287,4,2,49,0,0,0,1,0,0,0,1,0,0,0,0,0,0,1,0,0,1,0,0,0,0
288,3,4,19,0,0,0,1,0,0,0,0,0,0,0,1,0,0,0,1,0,0,1,0,0,0
289,4,2,39,0,0,0,1,0,1,0,0,0,0,0,0,0,0,1,0,0,0,0,1,0,0
290,3,5,33,0,0,1,0,0,0,0,0,0,0,0,1,0,0,0,1,0,0,0,1,0,0
291,4,5,40,0,0,1,0,0,0,0,0,0,0,0,1,0,0,1,0,0,0,0,1,0,0
292,2,5,21,1,0,0,0,0,1,0,0,0,0,0,0,0,0,1,0,0,1,0,0,0,0
293,4,4,46,0,1,0,0,0,0,0,1,0,0,0,0,0,0,0,1,1,0,0,0,0,0
294,4,3,39,0,0,0,1,0,0,1,0,0,0,0,0,0,0,0,1,0,0,1,0,0,0
296,4,1,33,0,0,1,0,0,0,0,0,0,1,0,0,0,0,0,1,0,0,0,0,1,0
297,4,4,27,0,1,0,0,0,0,0,0,0,0,1,0,0,0,1,0,0,0,0,0,1,0
299,3,2,34,0,0,1,0,0,0,0,0,0,1,0,0,0,0,1,0,0,0,1,0,0,0
300,5,3,56,1,0,0,0,0,0,0,0,0,0,0,0,1,0,0,1,0,0,0,1,0,0
301,4,1,34,0,1,0,0,0,0,0,0,0,0,0,0,0,1,1,0,0,0,0,0,1,0
302,4,2,35,0,0,1,0,0,0,0,0,0,0,1,0,0,0,1,0,0,0,0,0,1,0
304,3,3,24,0,0,0,1,0,0,0,0,0,1,0,0,0,0,1,0,0,0,0,0,1,0
305,4,3,39,0,0,0,1,0,0,0,0,0,0,0,0,0,1,0,1,0,0,0,1,0,0
306,4,2,45,0,1,0,0,0,0,0,0,0,0,0,0,0,1,0,1,0,0,0,1,0,0
307,3,2,32,0,0,1,0,0,1,0,0,0,0,0,0,0,0,0,1,0,1,0,0,0,0
310,4,2,52,1,0,0,0,0,1,0,0,0,0,0,0,0,0,1,0,1,0,0,0,0,0
311,3,5,38,1,0,0,0,0,0,0,0,0,0,0,0,0,1,1,0,1,0,0,0,0,0
312,4,2,19,0,0,1,0,0,0,1,0,0,0,0,0,0,0,0,1,0,0,0,1,0,0
313,2,5,20,0,0,1,0,0,0,0,1,0,0,0,0,0,0,0,1,0,1,0,0,0,0
314,3,2,29,0,0,0,1,0,0,0,0,0,0,0,1,0,0,1,0,0,0,0,1,0,0
315,4,1,29,1,0,0,0,1,0,0,0,0,0,0,0,0,0,1,0,0,0,0,1,0,0
316,2,4,18,0,0,1,0,0,1,0,0,0,0,0,0,0,0,1,0,0,0,0,0,1,0
318,5,3,55,1,0,0,0,0,0,0,0,1,0,0,0,0,0,0,1,0,0,0,0,1,0
319,2,5,22,0,1,0,0,0,0,0,0,0,0,0,0,0,1,1,0,0,0,0,0,1,0
321,5,1,30,0,0,1,0,0,0,1,0,0,0,0,0,0,0,0,1,0,0,0,0,1,0
322,5,1,50,0,0,0,1,0,0,0,0,0,0,1,0,0,0,1,0,1,0,0,0,0,0
323,4,1,27,0,0,0,1,0,0,0,1,0,0,0,0,0,0,1,0,0,0,0,0,1,0
324,3,5,27,1,0,0,0,0,1,0,0,0,0,0,0,0,0,0,1,0,1,0,0,0,0
325,5,3,57,0,0,1,0,0,0,0,0,0,0,0,1,0,0,1,0,0,0,0,1,0,0
326,4,1,48,1,0,0,0,0,0,0,0,0,1,0,0,0,0,0,1,0,0,1,0,0,0
328,5,2,64,0,0,0,1,0,0,0,0,1,0,0,0,0,0,0,1,0,0,1,0,0,0
329,3,4,29,0,1,0,0,1,0,0,0,0,0,0,0,0,0,1,0,0,0,1,0,0,0
330,5,2,40,1,0,0,0,0,1,0,0,0,0,0,0,0,0,0,1,0,1,0,0,0,0
332,3,4,22,1,0,0,0,0,0,0,0,0,0,0,0,0,1,1,0,0,0,0,0,1,0
335,4,1,55,0,0,1,0,0,0,0,0,0,0,1,0,0,0,1,0,0,0,0,1,0,0
336,4,2,54,1,0,0,0,0,1,0,0,0,0,0,0,0,0,1,0,0,0,1,0,0,0
338,2,5,18,1,0,0,0,0,0,0,0,0,0,0,0,0,1,0,1,1,0,0,0,0,0
339,3,3,31,0,1,0,0,0,0,0,0,0,0,0,1,0,0,1,0,0,0,0,1,0,0
342,4,1,41,0,0,0,1,0,0,0,0,0,0,0,0,1,0,1,0,0,0,0,0,1,0
343,3,2,22,1,0,0,0,0,0,0,1,0,0,0,0,0,0,1,0,0,0,0,1,0,0
345,3,1,23,0,0,1,0,1,0,0,0,0,0,0,0,0,0,0,1,1,0,0,0,0,0
348,4,1,22,0,0,0,1,0,0,0,0,0,0,1,0,0,0,1,0,0,0,0,1,0,0
349,4,1,62,0,0,0,1,0,1,0,0,0,0,0,0,0,0,1,0,0,1,0,0,0,0
352,5,1,57,1,0,0,0,0,1,0,0,0,0,0,0,0,0,0,1,0,0,1,0,0,0
355,3,2,24,1,0,0,0,0,0,0,1,0,0,0,0,0,0,0,1,0,1,0,0,0,0
356,5,1,61,0,0,0,1,0,0,0,0,0,0,0,1,0,0,0,1,0,0,1,0,0,0
358,3,3,28,0,0,0,1,0,0,0,0,0,0,0,1,0,0,1,0,0,0,0,0,1,0
359,4,3,41,1,0,0,0,0,0,0,0,0,0,1,0,0,0,1,0,0,0,0,0,1,0
360,4,2,35,0,0,1,0,0,0,1,0,0,0,0,0,0,0,1,0,0,0,1,0,0,0
361,4,4,35,1,0,0,0,0,0,1,0,0,0,0,0,0,0,0,1,1,0,0,0,0,0
362,3,2,38,0,0,1,0,0,1,0,0,0,0,0,0,0,0,1,0,0,0,1,0,0,0
363,4,1,57,0,1,0,0,1,0,0,0,0,0,0,0,0,0,1,0,0,0,1,0,0,0
364,2,2,19,1,0,0,0,0,1,0,0,0,0,0,0,0,0,1,0,0,0,0,0,1,0
365,5,1,55,0,0,1,0,0,0,0,1,0,0,0,0,0,0,0,1,0,1,0,0,0,0
367,3,2,31,0,0,1,0,0,1,0,0,0,0,0,0,0,0,1,0,0,1,0,0,0,0
368,4,4,49,1,0,0,0,0,0,0,0,0,0,1,0,0,0,1,0,0,0,0,0,1,0
369,4,3,37,1,0,0,0,0,1,0,0,0,0,0,0,0,0,0,1,0,1,0,0,0,0
370,3,4,24,0,0,0,1,0,0,0,0,0,0,1,0,0,0,1,0,0,0,0,1,0,0
373,2,5,38,0,1,0,0,0,0,0,0,0,0,1,0,0,0,1,0,0,0,1,0,0,0
375,5,1,53,1,0,0,0,0,0,0,0,0,0,1,0,0,0,1,0,1,0,0,0,0,0
376,3,4,46,0,1,0,0,0,0,0,0,0,0,0,0,0,1,0,1,0,0,0,1,0,0
377,4,3,57,1,0,0,0,0,0,0,0,0,0,1,0,0,0,1,0,0,0,0,1,0,0
378,3,4,45,1,0,0,0,0,0,0,0,0,0,1,0,0,0,1,0,0,1,0,0,0,0
380,3,4,25,1,0,0,0,0,0,0,0,0,0,1,0,0,0,0,1,0,0,0,1,0,0
381,3,3,33,0,1,0,0,1,0,0,0,0,0,0,0,0,0,1,0,1,0,0,0,0,0
382,5,3,64,0,1,0,0,0,0,1,0,0,0,0,0,0,0,0,1,0,0,0,1,0,0
383,3,3,23,0,0,0,1,0,0,0,0,0,0,1,0,0,0,1,0,1,0,0,0,0,0
384,3,2,26,0,1,0,0,0,0,0,0,0,0,0,0,1,0,0,1,0,0,0,0,1,0
385,3,1,24,0,1,0,0,0,0,0,0,0,0,0,0,0,1,1,0,0,0,1,0,0,0
387,2,5,19,0,0,0,1,1,0,0,0,0,0,0,0,0,0,0,1,0,0,1,0,0,0
388,3,4,47,1,0,0,0,0,0,0,0,0,0,0,1,0,0,1,0,1,0,0,0,0,0
390,3,1,42,0,0,1,0,0,0,0,0,0,0,0,0,0,1,1,0,0,1,0,0,0,0
391,5,1,50,0,1,0,0,0,0,0,0,0,0,1,0,0,0,1,0,0,0,0,1,0,0
393,4,5,49,0,0,0,1,0,0,0,0,0,0,1,0,0,0,1,0,0,0,0,1,0,0
394,4,1,49,1,0,0,0,0,0,0,0,1,0,0,0,0,0,1,0,0,1,0,0,0,0
396,2,4,22,0,0,1,0,0,0,0,1,0,0,0,0,0,0,1,0,0,0,0,1,0,0
397,3,3,20,0,0,0,1,0,0,1,0,0,0,0,0,0,0,0,1,0,0,0,1,0,0
398,5,3,47,1,0,0,0,0,0,1,0,0,0,0,0,0,0,0,1,0,0,0,1,0,0
400,4,1,27,1,0,0,0,0,0,0,0,0,0,1,0,0,0,0,1,0,0,1,0,0,0
401,3,1,20,1,0,0,0,0,0,0,0,0,0,0,1,0,0,0,1,0,0,0,1,0,0
402,5,1,59,0,0,0,1,0,0,0,0,1,0,0,0,0,0,0,1,0,0,0,1,0,0
403,3,1,20,0,1,0,0,1,0,0,0,0,0,0,0,0,0,1,0,0,1,0,0,0,0
404,4,2,45,1,0,0,0,0,0,0,0,1,0,0,0,0,0,1,0,0,0,0,1,0,0
405,3,5,34,0,1,0,0,0,0,0,0,0,0,1,0,0,0,1,0,0,0,0,0,1,0
408,3,3,20,0,1,0,0,0,0,1,0,0,0,0,0,0,0,1,0,0,0,0,1,0,0
409,3,3,28,0,0,1,0,1,0,0,0,0,0,0,0,0,0,0,1,0,0,0,0,1,0
410,4,2,38,0,1,0,0,0,0,0,0,1,0,0,0,0,0,1,0,0,0,0,0,1,0
412,3,3,36,0,0,0,1,0,0,0,0,0,0,1,0,0,0,1,0,0,0,0,0,1,0
414,2,2,19,0,0,1,0,0,0,0,0,0,0,0,0,0,1,1,0,1,0,0,0,0,0
415,4,1,18,0,0,0,1,0,0,0,0,1,0,0,0,0,0,0,1,0,0,0,0,1,0
416,5,1,59,0,0,0,1,0,0,1,0,0,0,0,0,0,0,0,1,0,0,1,0,0,0
417,3,4,34,1,0,0,0,0,0,0,0,1,0,0,0,0,0,0,1,0,0,0,0,1,0
419,3,2,29,0,0,1,0,0,0,0,0,0,0,0,0,1,0,0,1,0,0,0,1,0,0
421,5,2,49,0,1,0,0,0,0,0,0,0,0,1,0,0,0,1,0,0,0,0,0,1,0
423,4,1,34,1,0,0,0,0,0,0,0,0,0,1,0,0,0,1,0,1,0,0,0,0,0
424,3,3,45,0,0,0,1,0,1,0,0,0,0,0,0,0,0,1,0,0,0,1,0,0,0
426,2,3,21,0,0,0,1,0,0,0,0,0,1,0,0,0,0,0,1,0,0,0,1,0,0
427,2,5,26,0,0,1,0,0,0,0,1,0,0,0,0,0,0,1,0,1,0,0,0,0,0
431,3,2,47,1,0,0,0,0,0,0,0,0,0,0,1,0,0,1,0,0,1,0,0,0,0
432,4,2,31,0,1,0,0,0,0,0,0,0,0,0,0,0,1,0,1,0,1,0,0,0,0
433,4,3,56,0,0,0,1,0,1,0,0,0,0,0,0,0,0,1,0,0,0,0,0,1,0
435,5,1,63,0,0,0,1,0,0,0,1,0,0,0,0,0,0,0,1,0,1,0,0,0,0
437,3,3,23,0,1,0,0,1,0,0,0,0,0,0,0,0,0,0,1,0,0,0,0,1,0
439,4,2,46,0,0,0,1,0,0,0,0,0,0,1,0,0,0,1,0,0,0,0,0,1,0
440,5,1,63,0,1,0,0,0,0,0,0,0,0,0,1,0,0,0,1,0,0,0,0,1,0
441,2,4,20,0,0,0,1,0,0,0,0,0,0,0,0,1,0,0,1,0,1,0,0,0,0
442,4,2,45,0,1,0,0,0,0,1,0,0,0,0,0,0,0,0,1,0,0,0,1,0,0
443,4,1,65,0,1,0,0,0,0,0,0,0,0,0,0,1,0,0,1,0,1,0,0,0,0
445,3,3,26,0,1,0,0,0,0,0,0,0,0,0,0,0,1,0,1,0,0,0,0,1,0
447,3,3,36,0,0,1,0,0,0,0,0,0,0,1,0,0,0,1,0,0,0,0,0,1,0
449,3,2,33,0,0,0,1,0,0,0,0,0,0,1,0,0,0,0,1,1,0,0,0,0,0
450,3,3,41,1,0,0,0,0,0,0,0,0,0,0,0,0,1,1,0,0,1,0,0,0,0
452,2,5,21,1,0,0,0,0,0,0,0,0,0,0,1,0,0,1,0,0,0,0,1,0,0
453,3,1,31,1,0,0,0,1,0,0,0,0,0,0,0,0,0,0,1,0,0,0,1,0,0
454,3,4,41,0,0,1,0,1,0,0,0,0,0,0,0,0,0,0,1,1,0,0,0,0,0
455,3,1,27,0,1,0,0,0,0,0,0,0,1,0,0,0,0,0,1,0,0,0,1,0,0
457,4,1,41,0,0,0,1,1,0,0,0,0,0,0,0,0,0,0,1,1,0,0,0,0,0
458,3,1,33,1,0,0,0,0,0,0,0,0,0,0,0,0,1,0,1,1,0,0,0,0,0
459,3,3,46,1,0,0,0,1,0,0,0,0,0,0,0,0,0,1,0,1,0,0,0,0,0
460,4,2,45,0,0,1,0,0,0,0,0,0,0,0,0,1,0,0,1,0,0,0,1,0,0
461,3,5,47,1,0,0,0,0,0,0,1,0,0,0,0,0,0,0,1,1,0,0,0,0,0
464,2,2,40,0,1,0,0,0,0,0,0,0,0,0,0,1,0,0,1,0,0,1,0,0,0
465,3,2,18,0,1,0,0,0,0,0,0,0,0,1,0,0,0,1,0,0,1,0,0,0,0
468,4,1,39,0,0,0,1,0,0,0,0,0,0,0,0,1,0,0,1,0,0,1,0,0,0
470,3,1,34,0,0,0,1,1,0,0,0,0,0,0,0,0,0,1,0,1,0,0,0,0,0
471,3,4,32,0,0,0,1,1,0,0,0,0,0,0,0,0,0,0,1,0,0,0,0,1,0
472,3,3,24,0,1,0,0,0,0,0,0,0,0,1,0,0,0,1,0,0,1,0,0,0,0
473,4,3,46,0,1,0,0,0,0,0,0,1,0,0,0,0,0,1,0,0,0,0,1,0,0
474,3,4,49,0,0,0,1,0,0,0,0,0,0,0,0,0,1,0,1,0,0,0,1,0,0
475,2,5,30,1,0,0,0,0,0,0,0,0,0,0,0,1,0,0,1,1,0,0,0,0,0
476,4,1,46,0,0,1,0,0,0,0,0,0,1,0,0,0,0,0,1,0,0,0,0,1,0
478,5,1,62,0,0,1,0,0,0,0,1,0,0,0,0,0,0,0,1,0,0,0,0,1,0
479,4,1,63,0,0,1,0,0,0,1,0,0,0,0,0,0,0,1,0,0,0,0,1,0,0
481,3,4,30,0,1,0,0,0,0,0,0,0,0,0,1,0,0,1,0,1,0,0,0,0,0
484,4,2,55,1,0,0,0,0,0,0,1,0,0,0,0,0,0,0,1,0,0,0,0,1,0
485,3,2,36,1,0,0,0,0,0,1,0,0,0,0,0,0,0,1,0,0,1,0,0,0,0
487,4,3,49,0,0,1,0,0,0,0,0,0,0,1,0,0,0,1,0,0,0,0,0,1,0
488,3,3,38,1,0,0,0,0,0,0,0,0,0,0,0,0,1,0,1,0,0,1,0,0,0
490,3,2,22,0,0,0,1,0,0,1,0,0,0,0,0,0,0,0,1,1,0,0,0,0,0
491,3,4,51,0,0,0,1,0,0,0,0,0,0,0,1,0,0,0,1,0,0,0,1,0,0
492,4,2,61,0,0,1,0,0,0,0,1,0,0,0,0,0,0,0,1,0,1,0,0,0,0
494,1,4,21,0,0,0,1,0,1,0,0,0,0,0,0,0,0,1,0,0,0,1,0,0,0
495,3,3,28,1,0,0,0,0,0,0,0,0,0,0,1,0,0,0,1,0,0,1,0,0,0
496,4,3,32,0,0,1,0,0,0,1,0,0,0,0,0,0,0,0,1,0,0,0,0,1,0
498,4,1,52,0,1,0,0,0,1,0,0,0,0,0,0,0,0,1,0,0,0,0,1,0,0
500,5,1,58,0,1,0,0,1,0,0,0,0,0,0,0,0,0,0,1,0,0,0,1,0,0
501,3,3,36,0,0,0,1,0,0,0,0,1,0,0,0,0,0,1,0,0,0,1,0,0,0
504,4,1,23,0,0,0,1,0,0,0,0,1,0,0,0,0,0,0,1,1,0,0,0,0,0
506,2,5,18,0,0,1,0,0,0,0,0,0,0,1,0,0,0,1,0,0,0,1,0,0,0
509,3,2,50,0,1,0,0,0,1,0,0,0,0,0,0,0,0,1,0,0,1,0,0,0,0
510,2,4,23,1,0,0,0,0,0,0,0,0,0,0,0,0,1,0,1,0,0,1,0,0,0
511,2,2,22,0,0,1,0,0,0,0,0,0,0,0,0,0,1,1,0,0,0,0,0,1,0
513,3,2,50,0,0,0,1,0,0,1,0,0,0,0,0,0,0,1,0,0,0,0,1,0,0
514,2,4,33,1,0,0,0,0,0,0,0,0,0,0,1,0,0,1,0,0,1,0,0,0,0
515,3,1,25,1,0,0,0,0,0,0,0,0,0,0,0,0,1,0,1,1,0,0,0,0,0
516,3,1,48,0,0,0,1,0,0,0,0,0,1,0,0,0,0,0,1,0,0,0,1,0,0
517,2,3,35,0,0,1,0,0,0,0,0,0,0,0,0,1,0,0,1,0,0,1,0,0,0
518,2,3,37,0,0,1,0,0,0,0,1,0,0,0,0,0,0,1,0,0,0,1,0,0,0
519,3,4,43,0,0,1,0,0,0,0,0,1,0,0,0,0,0,1,0,0,0,1,0,0,0
521,3,3,40,0,0,0,1,0,0,1,0,0,0,0,0,0,0,0,1,0,0,0,0,1,0
523,4,2,45,0,0,1,0,0,0,1,0,0,0,0,0,0,0,0,1,0,0,1,0,0,0
524,4,1,57,0,0,0,1,1,0,0,0,0,0,0,0,0,0,1,0,0,0,0,0,1,0
525,3,3,33,1,0,0,0,0,0,0,0,1,0,0,0,0,0,0,1,0,0,1,0,0,0
527,3,3,23,1,0,0,0,0,0,0,0,0,1,0,0,0,0,0,1,0,0,0,0,1,0
530,2,4,20,0,0,0,1,0,0,1,0,0,0,0,0,0,0,0,1,0,1,0,0,0,0
531,4,3,56,0,1,0,0,0,0,1,0,0,0,0,0,0,0,0,1,0,1,0,0,0,0
532,3,2,38,0,1,0,0,0,0,0,0,0,0,0,0,0,1,0,1,1,0,0,0,0,0
533,4,2,55,0,1,0,0,0,0,0,0,0,0,1,0,0,0,1,0,1,0,0,0,0,0
534,1,3,20,1,0,0,0,0,1,0,0,0,0,0,0,0,0,1,0,0,0,1,0,0,0
535,2,3,34,0,1,0,0,0,1,0,0,0,0,0,0,0,0,1,0,0,0,1,0,0,0
538,3,2,29,0,0,0,1,0,0,0,1,0,0,0,0,0,0,0,1,0,0,0,1,0,0
540,1,5,33,1,0,0,0,0,0,0,0,0,0,0,0,0,1,0,1,0,1,0,0,0,0
541,2,4,30,1,0,0,0,0,0,0,0,0,0,0,0,1,0,0,1,1,0,0,0,0,0
543,3,1,25,1,0,0,0,0,1,0,0,0,0,0,0,0,0,0,1,0,1,0,0,0,0
544,2,5,37,1,0,0,0,1,0,0,0,0,0,0,0,0,0,1,0,0,0,0,0,1,0
545,2,3,24,0,0,1,0,0,0,0,0,0,0,0,1,0,0,1,0,0,0,1,0,0,0
548,2,5,35,1,0,0,0,1,0,0,0,0,0,0,0,0,0,0,1,0,0,0,1,0,0
549,2,4,35,1,0,0,0,0,0,0,0,0,0,0,1,0,0,1,0,0,0,1,0,0,0
550,3,3,40,1,0,0,0,0,0,0,0,1,0,0,0,0,0,0,1,1,0,0,0,0,0
551,3,2,36,0,0,1,0,0,0,0,0,1,0,0,0,0,0,0,1,0,1,0,0,0,0
552,4,1,30,0,0,1,0,0,1,0,0,0,0,0,0,0,0,0,1,0,0,0,1,0,0
554,3,3,61,0,1,0,0,0,0,0,0,0,0,0,0,0,1,0,1,0,0,1,0,0,0
555,3,2,37,0,1,0,0,0,0,0,0,1,0,0,0,0,0,1,0,0,0,0,0,1,0
556,3,2,42,0,1,0,0,0,0,0,0,1,0,0,0,0,0,1,0,0,1,0,0,0,0
557,2,2,41,0,0,0,1,1,0,0,0,0,0,0,0,0,0,1,0,0,1,0,0,0,0
559,3,3,53,0,1,0,0,0,0,0,0,0,0,0,0,1,0,0,1,0,0,1,0,0,0
560,2,4,22,0,0,1,0,0,0,0,0,0,1,0,0,0,0,0,1,0,0,0,1,0,0
561,3,1,44,0,0,0,1,0,0,0,1,0,0,0,0,0,0,0,1,0,0,0,0,1,0
563,2,4,30,0,0,1,0,0,0,0,1,0,0,0,0,0,0,0,1,0,0,1,0,0,0
564,3,1,33,1,0,0,0,1,0,0,0,0,0,0,0,0,0,1,0,0,0,0,0,1,0
565,2,3,22,0,1,0,0,0,0,0,1,0,0,0,0,0,0,0,1,0,0,0,0,1,0
566,3,3,52,0,1,0,0,0,0,0,0,0,0,1,0,0,0,1,0,0,0,0,0,1,0
567,2,5,23,1,0,0,0,0,0,1,0,0,0,0,0,0,0,1,0,1,0,0,0,0,0
568,1,5,23,0,0,0,1,0,0,0,1,0,0,0,0,0,0,0,1,0,0,1,0,0,0
569,1,4,19,1,0,0,0,0,0,0,0,0,0,0,1,0,0,1,0,0,0,1,0,0,0
570,2,3,20,0,0,1,0,0,0,0,0,0,1,0,0,0,0,0,1,0,0,0,1,0,0
571,4,2,62,1,0,0,0,0,0,0,0,1,0,0,0,0,0,1,0,0,0,0,1,0,0
572,3,1,40,1,0,0,0,0,0,0,1,0,0,0,0,0,0,1,0,0,0,0,1,0,0
573,3,2,26,1,0,0,0,0,0,1,0,0,0,0,0,0,0,1,0,1,0,0,0,0,0
574,3,3,56,0,0,1,0,1,0,0,0,0,0,0,0,0,0,0,1,0,1,0,0,0,0
576,2,3,23,0,0,1,0,0,0,0,0,0,0,0,0,1,0,0,1,0,1,0,0,0,0
577,2,1,27,1,0,0,0,1,0,0,0,0,0,0,0,0,0,0,1,0,1,0,0,0,0
580,3,3,46,1,0,0,0,0,0,0,0,0,0,1,0,0,0,1,0,0,0,1,0,0,0
581,2,2,40,0,0,1,0,1,0,0,0,0,0,0,0,0,0,0,1,0,0,1,0,0,0
583,3,1,43,1,0,0,0,0,0,0,0,1,0,0,0,0,0,0,1,0,0,1,0,0,0
584,3,2,28,0,1,0,0,1,0,0,0,0,0,0,0,0,0,0,1,0,0,1,0,0,0
585,3,4,39,0,1,0,0,0,0,0,0,1,0,0,0,0,0,0,1,0,1,0,0,0,0
586,3,2,55,0,0,0,1,0,1,0,0,0,0,0,0,0,0,1,0,0,0,0,1,0,0
588,2,2,32,0,0,0,1,0,0,0,0,0,0,0,1,0,0,1,0,1,0,0,0,0,0
589,2,1,18,0,0,1,0,0,0,0,0,1,0,0,0,0,0,1,0,0,0,0,0,1,0
590,3,2,41,0,1,0,0,0,0,0,0,0,0,1,0,0,0,1,0,1,0,0,0,0,0
591,3,3,29,0,1,0,0,0,0,0,0,0,0,0,1,0,0,1,0,0,0,1,0,0,0
593,3,3,53,0,0,0,1,0,1,0,0,0,0,0,0,0,0,0,1,1,0,0,0,0,0
594,2,1,25,0,0,1,0,0,0,0,0,0,0,0,0,0,1,0,1,0,1,0,0,0,0
595,3,3,27,0,0,0,1,0,0,0,0,1,0,0,0,0,0,0,1,0,0,0,1,0,0
598,4,5,64,1,0,0,0,0,0,0,0,0,0,1,0,0,0,1,0,0,0,0,0,1,0
602,3,3,36,0,1,0,0,1,0,0,0,0,0,0,0,0,0,1,0,0,0,0,1,0,0
603,3,2,50,1,0,0,0,0,1,0,0,0,0,0,0,0,0,1,0,0,0,0,1,0,0
604,3,2,28,1,0,0,0,0,0,0,0,0,1,0,0,0,0,0,1,0,0,0,0,1,0
605,2,2,18,0,1,0,0,0,0,1,0,0,0,0,0,0,0,1,0,0,0,0,1,0,0
606,1,3,19,0,0,0,1,0,0,0,0,0,0,0,1,0,0,0,1,0,0,1,0,0,0
608,2,1,42,1,0,0,0,0,0,0,0,0,0,0,0,1,0,0,1,0,0,1,0,0,0
611,2,5,39,0,0,1,0,0,0,0,1,0,0,0,0,0,0,0,1,0,0,0,1,0,0
612,2,2,45,0,1,0,0,0,0,0,0,0,0,1,0,0,0,1,0,0,0,1,0,0,0
614,4,1,53,0,1,0,0,0,0,0,0,0,0,0,0,1,0,0,1,0,0,0,1,0,0
615,4,2,63,0,1,0,0,0,1,0,0,0,0,0,0,0,0,0,1,0,0,0,0,1,0
616,3,3,45,0,0,1,0,0,0,0,0,0,0,1,0,0,0,1,0,0,0,0,0,1,0
617,3,1,30,0,0,1,0,0,0,0,0,0,0,1,0,0,0,1,0,1,0,0,0,0,0
618,1,5,48,0,1,0,0,0,0,0,1,0,0,0,0,0,0,1,0,0,0,0,1,0,0
619,2,2,27,1,0,0,0,0,0,0,0,0,0,0,1,0,0,1,0,0,0,0,1,0,0
620,3,1,31,0,0,0,1,0,0,1,0,0,0,0,0,0,0,0,1,0,1,0,0,0,0
621,1,4,20,0,0,1,0,0,0,0,1,0,0,0,0,0,0,1,0,0,0,0,1,0,0
622,4,1,60,0,0,1,0,0,0,0,1,0,0,0,0,0,0,0,1,0,1,0,0,0,0
624,3,5,65,0,0,1,0,0,0,0,0,0,0,1,0,0,0,1,0,1,0,0,0,0,0
625,2,3,24,1,0,0,0,0,1,0,0,0,0,0,0,0,0,0,1,0,1,0,0,0,0
626,1,2,23,0,0,0,1,0,0,0,0,0,0,0,0,1,0,0,1,0,0,1,0,0,0
627,1,5,28,0,0,0,1,0,0,0,0,1,0,0,0,0,0,1,0,0,0,0,0,1,0
628,2,3,30,1,0,0,0,1,0,0,0,0,0,0,0,0,0,0,1,0,0,0,1,0,0
629,1,4,23,0,1,0,0,0,0,1,0,0,0,0,0,0,0,1,0,0,0,1,0,0,0
630,3,1,50,0,0,1,0,0,0,0,1,0,0,0,0,0,0,0,1,0,0,1,0,0,0
631,2,1,18,1,0,0,0,0,0,0,1,0,0,0,0,0,0,1,0,1,0,0,0,0,0
632,2,2,47,0,0,1,0,0,1,0,0,0,0,0,0,0,0,1,0,0,0,0,1,0,0
633,3,2,56,0,0,1,0,0,0,0,0,0,0,0,0,0,1,0,1,1,0,0,0,0,0
634,2,1,20,0,0,0,1,0,0,0,0,1,0,0,0,0,0,0,1,0,0,1,0,0,0
636,2,4,36,0,1,0,0,0,0,0,0,0,0,0,0,1,0,0,1,1,0,0,0,0,0
637,2,3,24,1,0,0,0,0,1,0,0,0,0,0,0,0,0,0,1,0,0,1,0,0,0
638,2,3,44,0,1,0,0,0,0,0,0,0,0,0,1,0,0,1,0,0,1,0,0,0,0
639,2,3,24,0,0,0,1,0,0,1,0,0,0,0,0,0,0,0,1,0,1,0,0,0,0
640,2,2,19,0,1,0,0,0,0,0,0,0,0,0,0,0,1,0,1,0,0,0,0,1,0
641,4,4,44,0,1,0,0,0,1,0,0,0,0,0,0,0,0,0,1,1,0,0,0,0,0
642,3,4,49,0,1,0,0,0,0,0,0,0,0,1,0,0,0,0,1,1,0,0,0,0,0
643,3,1,36,0,0,0,1,0,0,1,0,0,0,0,0,0,0,0,1,0,0,0,1,0,0
644,2,3,22,0,1,0,0,0,0,0,1,0,0,0,0,0,0,0,1,0,0,0,0,1,0
646,3,3,39,0,0,1,0,1,0,0,0,0,0,0,0,0,0,1,0,0,0,0,1,0,0
647,3,5,50,0,0,1,0,0,0,0,0,0,0,1,0,0,0,1,0,0,0,0,0,1,0
648,3,5,58,0,0,1,0,0,0,0,0,0,0,1,0,0,0,1,0,0,0,0,1,0,0
649,2,5,42,1,0,0,0,0,0,0,0,0,0,1,0,0,0,1,0,1,0,0,0,0,0
650,4,3,58,0,0,1,0,0,0,1,0,0,0,0,0,0,0,0,1,0,0,0,1,0,0
651,3,1,44,0,1,0,0,0,0,0,0,0,0,0,0,0,1,1,0,1,0,0,0,0,0
652,2,4,41,0,0,1,0,0,1,0,0,0,0,0,0,0,0,0,1,1,0,0,0,0,0
653,3,1,58,0,0,0,1,0,0,1,0,0,0,0,0,0,0,1,0,0,1,0,0,0,0
654,2,4,33,0,1,0,0,1,0,0,0,0,0,0,0,0,0,1,0,0,0,0,1,0,0
655,1,2,22,1,0,0,0,0,0,0,0,0,1,0,0,0,0,0,1,0,0,1,0,0,0
656,2,5,35,0,1,0,0,0,1,0,0,0,0,0,0,0,0,0,1,1,0,0,0,0,0
658,4,3,62,1,0,0,0,1,0,0,0,0,0,0,0,0,0,0,1,0,0,0,1,0,0
661,1,4,22,0,1,0,0,0,0,0,0,0,0,0,1,0,0,0,1,0,0,0,0,1,0
662,2,1,32,1,0,0,0,0,0,0,0,0,0,0,0,1,0,0,1,0,0,0,1,0,0
663,2,2,33,0,1,0,0,1,0,0,0,0,0,0,0,0,0,0,1,0,1,0,0,0,0
664,1,4,35,1,0,0,0,0,0,0,0,1,0,0,0,0,0,0,1,0,0,1,0,0,0
666,2,5,53,0,0,1,0,0,0,0,0,0,0,0,1,0,0,0,1,0,0,1,0,0,0
667,1,4,23,0,1,0,0,0,0,0,0,0,0,0,0,0,1,0,1,1,0,0,0,0,0
668,3,3,49,1,0,0,0,1,0,0,0,0,0,0,0,0,0,0,1,1,0,0,0,0,0
669,1,5,45,0,1,0,0,0,0,0,0,0,0,0,0,0,1,1,0,1,0,0,0,0,0
670,1,5,26,0,0,0,1,0,0,0,0,1,0,0,0,0,0,1,0,0,0,0,0,1,0
671,2,5,33,0,0,1,0,0,0,0,0,1,0,0,0,0,0,0,1,0,1,0,0,0,0
672,2,3,26,0,1,0,0,0,0,0,0,0,0,1,0,0,0,1,0,0,0,0,1,0,0
673,3,1,50,0,0,1,0,0,0,0,0,0,0,0,0,0,1,0,1,1,0,0,0,0,0
674,2,5,35,0,1,0,0,0,0,0,1,0,0,0,0,0,0,1,0,0,1,0,0,0,0
675,2,3,31,0,0,0,1,0,0,1,0,0,0,0,0,0,0,0,1,1,0,0,0,0,0
676,3,1,50,0,0,1,0,0,0,0,1,0,0,0,0,0,0,1,0,1,0,0,0,0,0
677,3,1,38,0,0,1,0,0,0,1,0,0,0,0,0,0,0,0,1,1,0,0,0,0,0
678,2,2,59,1,0,0,0,0,0,0,0,0,0,0,0,0,1,1,0,0,0,1,0,0,0
679,2,5,42,0,0,1,0,0,0,0,0,0,0,1,0,0,0,0,1,0,0,1,0,0,0
680,3,1,55,0,0,0,1,1,0,0,0,0,0,0,0,0,0,1,0,1,0,0,0,0,0
682,2,3,55,0,0,0,1,0,0,0,0,0,0,0,0,0,1,1,0,1,0,0,0,0,0
683,3,3,54,0,1,0,0,0,0,0,1,0,0,0,0,0,0,0,1,0,0,1,0,0,0
684,2,3,48,1,0,0,0,1,0,0,0,0,0,0,0,0,0,1,0,1,0,0,0,0,0
687,1,2,20,1,0,0,0,0,0,1,0,0,0,0,0,0,0,1,0,0,0,1,0,0,0
688,3,1,53,0,1,0,0,0,0,1,0,0,0,0,0,0,0,1,0,0,0,1,0,0,0
689,3,2,40,0,1,0,0,0,1,0,0,0,0,0,0,0,0,0,1,0,0,0,0,1,0
690,2,2,46,0,0,1,0,0,0,0,0,0,0,0,1,0,0,1,0,0,0,1,0,0,0
691,2,3,26,1,0,0,0,0,0,0,0,1,0,0,0,0,0,1,0,0,0,0,0,1,0
692,2,2,62,0,0,0,1,0,0,0,0,0,0,0,0,0,1,1,0,0,1,0,0,0,0
693,1,1,43,0,0,0,1,0,0,0,1,0,0,0,0,0,0,1,0,0,1,0,0,0,0
694,2,3,32,1,0,0,0,0,0,0,0,0,0,1,0,0,0,1,0,0,0,0,0,1,0
695,3,1,44,0,1,0,0,1,0,0,0,0,0,0,0,0,0,0,1,0,0,0,0,1,0
699,2,3,40,0,1,0,0,0,0,0,0,0,0,0,1,0,0,0,1,1,0,0,0,0,0
701,1,4,28,0,1,0,0,0,0,0,0,0,1,0,0,0,0,1,0,0,1,0,0,0,0
702,1,3,24,1,0,0,0,0,0,0,0,0,0,0,0,0,1,0,1,0,1,0,0,0,0
703,4,1,59,0,0,1,0,1,0,0,0,0,0,0,0,0,0,0,1,0,0,0,0,1,0
704,3,3,62,0,0,0,1,1,0,0,0,0,0,0,0,0,0,0,1,0,0,0,0,1,0
706,1,5,34,0,1,0,0,0,0,0,0,0,0,0,1,0,0,1,0,0,0,1,0,0,0
708,2,2,44,0,0,0,1,0,0,0,0,0,0,1,0,0,0,1,0,0,0,1,0,0,0
709,2,4,31,0,1,0,0,0,1,0,0,0,0,0,0,0,0,0,1,1,0,0,0,0,0
710,1,5,27,0,1,0,0,1,0,0,0,0,0,0,0,0,0,1,0,1,0,0,0,0,0
713,1,5,36,0,1,0,0,0,0,0,0,0,0,0,0,1,0,0,1,0,0,0,1,0,0
714,2,2,53,0,0,0,1,1,0,0,0,0,0,0,0,0,0,1,0,0,0,0,1,0,0
715,1,5,33,0,1,0,0,0,0,0,0,0,0,1,0,0,0,1,0,0,0,1,0,0,0
716,3,2,56,0,0,1,0,0,0,0,0,1,0,0,0,0,0,1,0,0,0,1,0,0,0
717,4,1,62,1,0,0,0,0,0,0,0,0,0,1,0,0,0,1,0,0,0,0,0,1,0
718,1,3,36,0,0,1,0,0,1,0,0,0,0,0,0,0,0,1,0,1,0,0,0,0,0
719,1,2,21,0,0,0,1,1,0,0,0,0,0,0,0,0,0,1,0,0,1,0,0,0,0
720,2,1,33,0,0,1,0,0,0,0,0,1,0,0,0,0,0,0,1,0,0,0,0,1,0
721,1,5,28,0,0,1,0,0,0,0,0,0,0,1,0,0,0,1,0,0,1,0,0,0,0
722,1,2,27,0,0,1,0,0,0,0,0,1,0,0,0,0,0,1,0,1,0,0,0,0,0
723,2,2,36,0,0,1,0,0,0,0,0,0,0,0,0,1,0,0,1,1,0,0,0,0,0
724,2,3,43,0,0,0,1,1,0,0,0,0,0,0,0,0,0,1,0,0,0,0,0,1,0
725,2,2,46,1,0,0,0,0,0,0,0,0,0,0,1,0,0,0,1,0,0,1,0,0,0
726,1,4,25,0,1,0,0,0,0,0,0,0,0,0,0,1,0,0,1,0,1,0,0,0,0
728,2,2,47,1,0,0,0,0,0,0,0,0,0,0,0,0,1,1,0,1,0,0,0,0,0
729,3,2,51,0,1,0,0,0,0,0,0,0,0,0,1,0,0,0,1,0,0,1,0,0,0
730,2,3,60,0,0,0,1,0,1,0,0,0,0,0,0,0,0,1,0,0,0,0,0,1,0
732,1,5,40,0,0,1,0,1,0,0,0,0,0,0,0,0,0,1,0,0,0,1,0,0,0
733,3,2,60,0,0,1,0,0,0,0,0,1,0,0,0,0,0,1,0,0,0,1,0,0,0
735,3,1,48,0,1,0,0,0,0,0,0,1,0,0,0,0,0,1,0,0,0,1,0,0,0
736,2,1,37,0,0,0,1,0,0,0,0,0,1,0,0,0,0,0,1,0,0,0,1,0,0
738,2,2,51,0,1,0,0,0,0,0,0,0,0,1,0,0,0,1,0,0,0,1,0,0,0
739,2,2,20,0,1,0,0,0,1,0,0,0,0,0,0,0,0,0,1,0,0,0,0,1,0
740,2,4,61,1,0,0,0,0,1,0,0,0,0,0,0,0,0,1,0,0,0,1,0,0,0
742,1,4,34,1,0,0,0,0,0,0,1,0,0,0,0,0,0,1,0,0,0,1,0,0,0
743,2,2,58,0,0,0,1,1,0,0,0,0,0,0,0,0,0,1,0,0,1,0,0,0,0
744,2,2,45,0,0,1,0,0,0,0,1,0,0,0,0,0,0,0,1,0,0,1,0,0,0
745,1,3,18,0,0,1,0,0,0,0,0,0,0,0,1,0,0,0,1,1,0,0,0,0,0
749,1,4,19,0,1,0,0,0,1,0,0,0,0,0,0,0,0,1,0,0,0,0,1,0,0
750,1,3,26,0,0,1,0,1,0,0,0,0,0,0,0,0,0,0,1,0,0,0,1,0,0
751,2,3,47,0,0,0,1,0,0,0,0,1,0,0,0,0,0,1,0,1,0,0,0,0,0
753,3,1,63,0,1,0,0,0,1,0,0,0,0,0,0,0,0,1,0,0,0,0,0,1,0
757,1,2,24,0,1,0,0,0,0,0,0,0,0,0,1,0,0,1,0,1,0,0,0,0,0
758,1,5,41,1,0,0,0,1,0,0,0,0,0,0,0,0,0,0,1,0,0,0,1,0,0
759,1,2,21,0,1,0,0,0,1,0,0,0,0,0,0,0,0,0,1,0,0,0,0,1,0
761,2,1,33,0,0,0,1,0,0,1,0,0,0,0,0,0,0,1,0,1,0,0,0,0,0
762,1,3,34,0,0,0,1,0,0,0,1,0,0,0,0,0,0,1,0,0,0,0,1,0,0
764,1,4,31,1,0,0,0,0,0,0,0,0,0,0,0,1,0,0,1,0,0,0,1,0,0
765,2,3,55,1,0,0,0,0,0,0,1,0,0,0,0,0,0,1,0,1,0,0,0,0,0
767,3,1,55,1,0,0,0,0,0,1,0,0,0,0,0,0,0,0,1,0,0,0,1,0,0
769,2,4,48,0,1,0,0,0,0,0,0,0,0,1,0,0,0,1,0,1,0,0,0,0,0
770,3,2,62,0,0,1,0,0,0,0,0,0,0,1,0,0,0,1,0,0,1,0,0,0,0
771,1,1,22,1,0,0,0,0,0,0,0,0,0,0,0,1,0,0,1,0,0,0,0,1,0
774,2,4,63,1,0,0,0,0,0,0,1,0,0,0,0,0,0,1,0,0,0,0,1,0,0
775,1,4,38,0,1,0,0,0,0,0,1,0,0,0,0,0,0,1,0,1,0,0,0,0,0
777,3,2,63,1,0,0,0,0,0,1,0,0,0,0,0,0,0,1,0,0,0,0,0,1,0
778,3,3,60,0,1,0,0,0,0,0,0,0,0,0,1,0,0,0,1,1,0,0,0,0,0
779,3,3,65,0,1,0,0,0,0,0,0,0,0,1,0,0,0,1,0,0,1,0,0,0,0
780,2,1,37,0,0,1,0,0,0,0,0,0,0,0,0,0,1,0,1,1,0,0,0,0,0
782,2,2,26,0,1,0,0,0,0,0,0,0,0,0,1,0,0,0,1,0,0,0,0,1,0
783,2,4,27,0,0,0,1,0,0,1,0,0,0,0,0,0,0,0,1,1,0,0,0,0,0
784,2,2,20,1,0,0,0,0,0,0,0,0,0,1,0,0,0,1,0,1,0,0,0,0,0
785,2,1,26,1,0,0,0,0,0,0,0,0,0,1,0,0,0,1,0,0,0,0,1,0,0
786,1,5,44,0,0,1,0,0,0,0,1,0,0,0,0,0,0,0,1,0,1,0,0,0,0
787,1,5,47,0,1,0,0,0,0,0,1,0,0,0,0,0,0,1,0,0,0,0,1,0,0
789,1,2,23,0,1,0,0,0,0,0,0,0,0,1,0,0,0,1,0,0,0,0,0,1,0
790,1,3,45,0,0,1,0,1,0,0,0,0,0,0,0,0,0,0,1,0,0,0,1,0,0
791,4,1,65,0,0,1,0,0,0,1,0,0,0,0,0,0,0,0,1,0,0,0,0,1,0
792,2,5,52,1,0,0,0,0,0,0,0,1,0,0,0,0,0,0,1,1,0,0,0,0,0
795,1,1,18,0,0,1,0,0,0,0,0,0,0,0,1,0,0,1,0,0,1,0,0,0,0
796,1,1,36,0,0,0,1,0,0,0,0,0,0,0,0,1,0,1,0,0,0,1,0,0,0
797,1,1,25,1,0,0,0,0,0,0,0,0,0,0,0,0,1,0,1,0,0,0,1,0,0
798,3,2,53,0,0,0,1,0,1,0,0,0,0,0,0,0,0,0,1,0,0,0,0,1,0
800,1,2,24,0,0,0,1,0,0,0,0,0,0,0,1,0,0,0,1,0,0,0,1,0,0
803,3,1,55,0,1,0,0,0,0,0,0,0,0,1,0,0,0,1,0,1,0,0,0,0,0
807,2,2,43,0,0,0,1,0,0,0,1,0,0,0,0,0,0,0,1,0,0,1,0,0,0
808,2,1,51,0,1,0,0,0,0,0,0,0,0,0,1,0,0,0,1,0,1,0,0,0,0
809,1,3,31,0,1,0,0,0,0,0,0,0,0,1,0,0,0,1,0,0,0,0,0,1,0
811,2,4,56,0,0,1,0,0,0,0,0,0,0,1,0,0,0,1,0,0,0,0,0,1,0
812,2,1,41,1,0,0,0,0,0,0,0,0,0,0,1,0,0,1,0,0,0,0,0,1,0
813,3,1,49,0,0,1,0,0,0,0,0,0,0,0,0,1,0,0,1,1,0,0,0,0,0
814,1,2,23,1,0,0,0,0,0,0,0,0,0,1,0,0,0,1,0,0,0,0,0,1,0
815,1,3,29,0,0,1,0,0,0,0,1,0,0,0,0,0,0,0,1,0,0,0,1,0,0
816,2,4,53,0,1,0,0,0,0,0,1,0,0,0,0,0,0,0,1,0,0,0,1,0,0
817,2,2,61,0,0,0,1,0,1,0,0,0,0,0,0,0,0,1,0,0,1,0,0,0,0
818,2,5,56,0,1,0,0,0,0,0,0,0,0,1,0,0,0,1,0,0,0,0,1,0,0
819,1,1,25,0,1,0,0,0,0,0,0,0,0,1,0,0,0,1,0,0,0,0,0,1,0
821,2,3,55,0,1,0,0,0,1,0,0,0,0,0,0,0,0,1,0,0,1,0,0,0,0
823,2,2,61,0,1,0,0,0,0,0,0,0,0,0,1,0,0,1,0,0,0,0,0,1,0
824,1,1,26,0,1,0,0,0,0,0,0,0,0,1,0,0,0,1,0,0,0,1,0,0,0
826,2,1,36,0,1,0,0,0,0,0,0,0,0,0,1,0,0,0,1,0,0,1,0,0,0
827,2,3,54,0,0,1,0,0,0,0,0,1,0,0,0,0,0,1,0,1,0,0,0,0,0
828,1,4,24,0,1,0,0,0,0,1,0,0,0,0,0,0,0,1,0,0,0,1,0,0,0
829,2,4,58,1,0,0,0,0,1,0,0,0,0,0,0,0,0,0,1,0,0,0,0,1,0
830,1,4,32,0,1,0,0,0,0,1,0,0,0,0,0,0,0,1,0,1,0,0,0,0,0
831,2,3,47,0,0,0,1,0,0,0,0,0,0,1,0,0,0,0,1,0,0,0,0,1,0
832,2,2,53,0,0,1,0,1,0,0,0,0,0,0,0,0,0,1,0,0,1,0,0,0,0
834,2,3,56,0,1,0,0,0,0,0,0,0,0,1,0,0,0,1,0,0,0,0,0,1,0
836,2,1,45,0,1,0,0,0,0,0,0,0,0,0,0,1,0,0,1,0,0,1,0,0,0
837,2,3,55,0,0,1,0,0,1,0,0,0,0,0,0,0,0,0,1,0,0,0,1,0,0
838,2,3,42,0,0,0,1,0,0,0,0,0,0,0,0,0,1,0,1,0,0,0,1,0,0
839,3,2,60,0,1,0,0,0,0,0,0,0,1,0,0,0,0,0,1,0,0,1,0,0,0
842,1,2,34,1,0,0,0,0,0,0,0,0,0,1,0,0,0,1,0,0,1,0,0,0,0
843,1,4,25,0,1,0,0,0,0,0,0,0,0,0,0,1,0,0,1,1,0,0,0,0,0
845,1,4,49,0,1,0,0,0,0,0,1,0,0,0,0,0,0,1,0,1,0,0,0,0,0
848,1,4,43,0,0,0,1,1,0,0,0,0,0,0,0,0,0,0,1,1,0,0,0,0,0
849,2,1,31,1,0,0,0,0,0,0,0,0,1,0,0,0,0,0,1,0,0,0,1,0,0
850,1,5,48,1,0,0,0,0,0,0,0,0,0,1,0,0,0,1,0,0,0,0,1,0,0
851,1,2,20,0,1,0,0,1,0,0,0,0,0,0,0,0,0,0,1,0,0,0,1,0,0
852,1,2,35,0,1,0,0,0,0,0,0,0,0,0,0,0,1,0,1,1,0,0,0,0,0
853,1,2,44,0,0,1,0,0,0,0,1,0,0,0,0,0,0,1,0,1,0,0,0,0,0
854,2,3,49,0,1,0,0,0,0,0,0,0,0,0,1,0,0,0,1,0,0,0,1,0,0
855,2,2,49,0,0,1,0,0,0,0,0,0,0,0,1,0,0,0,1,0,0,0,1,0,0
856,2,1,51,0,0,0,1,0,0,0,0,0,0,1,0,0,0,0,1,0,0,0,0,1,0
857,1,2,21,0,1,0,0,0,0,0,0,0,0,0,0,1,0,0,1,0,1,0,0,0,0
859,1,3,27,0,1,0,0,0,0,0,0,1,0,0,0,0,0,0,1,0,0,1,0,0,0
861,1,1,18,0,1,0,0,0,0,0,0,0,0,0,0,1,0,0,1,0,0,0,0,1,0
863,2,3,50,0,0,1,0,0,0,0,0,1,0,0,0,0,0,0,1,0,0,1,0,0,0
865,1,3,45,0,1,0,0,0,0,0,1,0,0,0,0,0,0,1,0,0,0,1,0,0,0
866,1,4,40,0,0,1,0,0,0,0,0,0,0,1,0,0,0,1,0,0,1,0,0,0,0
870,2,2,45,0,1,0,0,0,0,1,0,0,0,0,0,0,0,0,1,1,0,0,0,0,0
872,1,4,56,1,0,0,0,0,0,0,0,0,0,0,0,0,1,1,0,1,0,0,0,0,0
873,2,3,41,0,0,0,1,0,0,1,0,0,0,0,0,0,0,1,0,0,0,0,1,0,0
875,2,1,49,1,0,0,0,0,0,1,0,0,0,0,0,0,0,1,0,0,0,0,1,0,0
879,1,2,31,0,0,1,0,0,0,0,0,1,0,0,0,0,0,0,1,0,0,0,0,1,0
881,2,1,61,1,0,0,0,0,0,0,0,0,0,0,1,0,0,1,0,0,0,0,0,1,0
882,3,2,59,0,0,1,0,0,0,0,0,1,0,0,0,0,0,0,1,0,0,0,0,1,0
883,3,3,57,0,1,0,0,0,0,0,0,1,0,0,0,0,0,0,1,0,0,0,0,1,0
884,2,1,39,1,0,0,0,0,0,1,0,0,0,0,0,0,0,0,1,0,0,0,0,1,0
885,2,3,56,0,1,0,0,0,0,0,0,0,0,1,0,0,0,1,0,0,1,0,0,0,0
887,1,4,53,0,0,1,0,0,0,0,0,0,0,1,0,0,0,1,0,0,0,1,0,0,0
888,1,1,29,0,1,0,0,0,0,0,0,0,0,0,0,1,0,0,1,0,0,0,0,1,0
889,3,2,62,0,1,0,0,1,0,0,0,0,0,0,0,0,0,0,1,0,0,0,1,0,0
891,2,1,58,0,0,1,0,0,0,0,1,0,0,0,0,0,0,0,1,0,0,0,1,0,0
892,1,1,38,0,0,0,1,0,0,0,0,0,0,1,0,0,0,1,0,0,1,0,0,0,0
893,1,2,29,0,0,1,0,0,0,1,0,0,0,0,0,0,0,0,1,0,0,0,1,0,0
894,2,1,57,0,1,0,0,0,0,0,0,1,0,0,0,0,0,1,0,1,0,0,0,0,0
895,1,1,28,0,1,0,0,0,0,0,0,1,0,0,0,0,0,1,0,0,0,1,0,0,0
897,1,1,33,0,1,0,0,0,1,0,0,0,0,0,0,0,0,0,1,0,0,1,0,0,0
900,1,3,52,0,1,0,0,0,0,0,0,0,0,0,1,0,0,1,0,0,0,0,0,1,0
903,1,2,37,0,0,0,1,1,0,0,0,0,0,0,0,0,0,0,1,1,0,0,0,0,0
904,2,2,64,0,0,1,0,0,1,0,0,0,0,0,0,0,0,0,1,0,0,0,1,0,0
905,1,3,59,0,0,1,0,0,0,0,0,0,0,1,0,0,0,1,0,0,0,0,0,1,0
906,2,2,55,1,0,0,0,0,0,0,0,0,0,1,0,0,0,1,0,0,0,0,0,1,0
907,2,1,57,0,1,0,0,0,0,0,0,0,0,0,0,1,0,1,0,0,1,0,0,0,0
908,2,2,55,1,0,0,0,0,1,0,0,0,0,0,0,0,0,0,1,1,0,0,0,0,0
909,2,1,47,0,1,0,0,0,0,1,0,0,0,0,0,0,0,0,1,0,0,1,0,0,0
910,1,1,33,0,1,0,0,0,0,0,1,0,0,0,0,0,0,1,0,0,0,0,0,1,0
911,2,1,45,0,1,0,0,0,0,0,0,0,0,0,1,0,0,0,1,0,1,0,0,0,0
912,1,3,44,1,0,0,0,0,0,0,1,0,0,0,0,0,0,1,0,0,0,0,0,1,0
913,1,1,22,0,1,0,0,0,1,0,0,0,0,0,0,0,0,1,0,1,0,0,0,0,0
914,1,5,41,0,0,0,1,0,0,0,0,0,0,1,0,0,0,1,0,0,0,1,0,0,0
917,1,3,57,0,0,1,0,0,0,0,0,0,0,0,1,0,0,1,0,0,0,0,1,0,0
918,1,1,36,0,0,1,0,0,0,0,0,0,0,0,0,1,0,0,1,0,0,0,1,0,0
919,1,1,31,1,0,0,0,0,0,0,0,1,0,0,0,0,0,0,1,0,0,0,1,0,0
920,2,3,56,0,1,0,0,0,0,0,0,0,0,1,0,0,0,1,0,0,0,0,0,1,0
922,1,3,47,0,0,0,1,0,0,0,0,1,0,0,0,0,0,1,0,0,0,0,1,0,0
924,1,3,50,1,0,0,0,0,0,0,0,1,0,0,0,0,0,0,1,0,0,0,1,0,0
928,1,5,64,1,0,0,0,0,0,0,0,0,0,1,0,0,0,1,0,1,0,0,0,0,0
930,1,4,43,0,0,0,1,0,0,1,0,0,0,0,0,0,0,0,1,0,0,0,0,1,0
931,1,4,36,0,1,0,0,0,0,0,0,1,0,0,0,0,0,0,1,0,0,0,0,1,0
933,1,3,50,0,0,1,0,0,0,0,0,0,0,0,1,0,0,1,0,0,0,0,0,1,0
934,1,1,37,0,1,0,0,0,0,0,0,0,0,0,0,1,0,0,1,0,0,0,0,1,0
935,1,2,56,0,0,1,0,1,0,0,0,0,0,0,0,0,0,0,1,1,0,0,0,0,0
936,1,3,47,0,1,0,0,0,0,0,0,0,1,0,0,0,0,1,0,0,0,1,0,0,0
939,1,3,59,0,0,0,1,0,0,0,0,1,0,0,0,0,0,1,0,0,1,0,0,0,0
941,2,1,32,0,1,0,0,0,0,0,0,1,0,0,0,0,0,1,0,0,1,0,0,0,0
942,1,2,38,0,0,0,1,0,0,0,0,0,0,1,0,0,0,1,0,0,1,0,0,0,0
943,1,5,54,0,1,0,0,0,0,0,0,1,0,0,0,0,0,1,0,0,1,0,0,0,0
946,1,3,51,0,1,0,0,0,0,0,0,1,0,0,0,0,0,0,1,0,1,0,0,0,0
947,1,3,62,0,1,0,0,0,0,1,0,0,0,0,0,0,0,1,0,0,0,0,1,0,0
948,1,1,36,0,0,1,0,0,0,0,0,0,0,0,0,1,0,0,1,0,0,0,1,0,0
949,1,2,30,1,0,0,0,0,0,0,1,0,0,0,0,0,0,0,1,0,0,0,1,0,0
950,1,3,60,1,0,0,0,0,0,0,0,0,0,0,1,0,0,0,1,0,0,0,1,0,0
951,1,1,49,0,0,0,1,0,0,1,0,0,0,0,0,0,0,1,0,0,1,0,0,0,0
952,1,2,51,0,0,0,1,0,1,0,0,0,0,0,0,0,0,1,0,0,0,1,0,0,0
954,1,2,62,0,0,0,1,0,0,0,0,1,0,0,0,0,0,0,1,0,0,1,0,0,0
955,1,1,46,1,0,0,0,0,0,0,0,0,0,1,0,0,0,1,0,1,0,0,0,0,0
957,2,1,64,0,1,0,0,1,0,0,0,0,0,0,0,0,0,1,0,0,0,0,0,1,0
959,1,2,45,1,0,0,0,0,1,0,0,0,0,0,0,0,0,1,0,0,0,0,0,1,0
960,1,4,39,1,0,0,0,0,0,1,0,0,0,0,0,0,0,0,1,0,1,0,0,0,0
961,1,3,54,1,0,0,0,0,0,0,0,0,0,0,1,0,0,0,1,1,0,0,0,0,0
962,1,2,47,1,0,0,0,0,0,1,0,0,0,0,0,0,0,1,0,0,0,0,1,0,0
963,2,1,55,0,0,1,0,0,0,0,0,1,0,0,0,0,0,0,1,0,0,0,1,0,0
964,2,1,58,0,1,0,0,0,0,0,0,0,0,1,0,0,0,1,0,0,0,0,1,0,0
965,1,1,34,0,0,1,0,0,0,0,0,0,0,0,0,0,1,0,1,0,0,0,1,0,0
966,1,1,53,0,0,1,0,0,0,0,0,0,0,1,0,0,0,1,0,0,0,0,1,0,0
967,1,5,57,0,0,0,1,0,0,0,0,0,0,0,1,0,0,0,1,1,0,0,0,0,0
969,1,1,52,0,1,0,0,0,0,0,0,0,1,0,0,0,0,0,1,0,0,1,0,0,0
970,1,3,57,0,0,1,0,1,0,0,0,0,0,0,0,0,0,0,1,0,0,0,0,1,0
971,1,3,60,0,1,0,0,0,0,0,0,0,0,0,0,1,0,0,1,1,0,0,0,0,0
972,1,2,65,0,1,0,0,0,0,0,0,0,0,0,0,0,1,0,1,0,0,0,1,0,0
973,1,1,64,0,0,1,0,0,0,0,0,0,0,0,0,1,0,0,1,0,0,0,0,1,0
974,1,3,44,0,1,0,0,0,0,0,0,0,0,1,0,0,0,1,0,0,1,0,0,0,0
975,1,1,56,0,1,0,0,0,0,0,0,0,0,0,1,0,0,0,1,0,0,1,0,0,0
976,1,2,54,0,0,1,0,0,0,1,0,0,0,0,0,0,0,1,0,0,0,0,1,0,0
977,1,3,58,1,0,0,0,0,0,0,0,0,0,0,1,0,0,1,0,0,0,0,1,0,0
978,1,3,59,1,0,0,0,0,0,0,0,1,0,0,0,0,0,1,0,0,0,0,0,1,0
979,1,3,52,0,0,0,1,0,0,0,0,0,0,1,0,0,0,1,0,0,0,0,0,1,0
980,1,1,64,0,0,1,0,0,0,0,0,1,0,0,0,0,0,0,1,0,0,0,0,1,0
981,1,1,56,0,1,0,0,0,0,0,0,0,0,0,1,0,0,0,1,0,0,0,1,0,0
983,1,1,59,1,0,0,0,0,0,0,0,0,0,1,0,0,0,1,0,0,1,0,0,0,0
984,1,2,53,0,1,0,0,0,0,0,0,1,0,0,0,0,0,1,0,1,0,0,0,0,0
986,1,2,54,1,0,0,0,1,0,0,0,0,0,0,0,0,0,0,1,0,0,0,0,1,0
987,1,3,59,0,1,0,0,0,0,0,0,0,0,1,0,0,0,1,0,0,0,0,1,0,0
988,1,2,62,0,0,1,0,0,0,0,0,0,0,0,1,0,0,0,1,1,0,0,0,0,0
989,1,2,65,0,1,0,0,0,0,1,0,0,0,0,0,0,0,1,0,1,0,0,0,0,0
990,1,1,61,0,0,1,0,0,0,0,1,0,0,0,0,0,0,1,0,0,1,0,0,0,0
991,1,1,65,0,0,1,0,0,0,0,0,1,0,0,0,0,0,1,0,1,0,0,0,0,0
992,1,2,63,1,0,0,0,0,0,0,1,0,0,0,0,0,0,1,0,1,0,0,0,0,0
993,1,1,65,0,0,1,0,0,0,0,0,0,0,1,0,0,0,1,0,1,0,0,0,0,0
994,1,2,64,0,0,0,1,0,0,0,0,0,0,1,0,0,0,1,0,1,0,0,0,0,0
995,1,1,61,0,1,0,0,0,0,0,0,0,0,1,0,0,0,1,0,1,0,0,0,0,0
996,1,2,57,0,0,1,0,1,0,0,0,0,0,0,0,0,0,0,1,0,0,0,0,1,0
997,1,1,48,0,1,0,0,0,0,1,0,0,0,0,0,0,0,0,1,0,0,0,1,0,0
998,2,1,65,0,1,0,0,0,0,1,0,0,0,0,0,0,0,0,1,1,0,0,0,0,0
877,1,5,58,0,1,0,0,1,0,0,0,0,0,0,0,0,0,1,0,0,0,0,0,1,1
483,4,3,58,0,0,0,1,0,0,0,0,0,0,0,1,0,0,0,1,1,0,0,0,0,1
754,2,4,57,0,1,0,0,0,0,0,0,0,0,0,1,0,0,1,0,0,0,1,0,0,1
741,3,2,65,0,1,0,0,0,0,0,0,0,0,0,0,1,0,0,1,0,0,0,0,1,1
126,5,5,58,0,1,0,0,0,0,0,0,0,0,0,1,0,0,0,1,0,1,0,0,0,1
225,4,5,48,0,0,1,0,0,0,1,0,0,0,0,0,0,0,1,0,0,0,1,0,0,1
871,1,5,48,1,0,0,0,0,0,1,0,0,0,0,0,0,0,1,0,0,1,0,0,0,1
858,1,5,41,1,0,0,0,0,0,0,0,0,1,0,0,0,0,0,1,1,0,0,0,0,1
8,5,5,33,0,1,0,0,0,0,0,1,0,0,0,0,0,0,1,0,0,1,0,0,0,1
985,1,1,55,0,1,0,0,0,0,0,0,0,1,0,0,0,0,0,1,1,0,0,0,0,1
233,5,5,62,1,0,0,0,0,0,0,0,0,1,0,0,0,0,0,1,1,0,0,0,0,1
436,5,2,63,1,0,0,0,0,0,0,0,0,0,0,0,1,0,0,1,0,0,0,1,0,1
96,5,5,47,0,1,0,0,0,0,1,0,0,0,0,0,0,0,1,0,0,0,0,0,1,1
901,1,4,60,1,0,0,0,0,0,0,0,0,0,1,0,0,0,1,0,0,0,1,0,0,1
781,1,3,57,1,0,0,0,0,0,0,0,0,0,0,0,1,0,1,0,0,1,0,0,0,1
331,4,4,58,1,0,0,0,0,0,1,0,0,0,0,0,0,0,0,1,0,0,1,0,0,1
507,3,5,63,1,0,0,0,0,0,0,1,0,0,0,0,0,0,1,0,0,0,1,0,0,1
562,3,5,57,0,0,0,1,0,0,0,0,0,1,0,0,0,0,0,1,0,0,0,1,0,1
867,1,3,57,0,0,1,0,0,0,0,0,0,1,0,0,0,0,1,0,0,0,0,1,0,1
858,1,5,41,1,0,0,0,0,0,0,0,0,1,0,0,0,0,0,1,1,0,0,0,0,1
217,5,3,58,0,1,0,0,0,0,0,0,0,0,0,0,1,0,0,1,0,0,1,0,0,1
805,2,3,63,0,0,1,0,0,0,0,0,0,0,0,1,0,0,0,1,0,1,0,0,0,1
333,4,4,59,0,0,0,1,0,0,0,1,0,0,0,0,0,0,1,0,0,0,1,0,0,1
601,4,3,62,1,0,0,0,0,0,0,0,1,0,0,0,0,0,1,0,0,0,1,0,0,1
499,5,2,64,0,1,0,0,0,0,0,0,0,0,0,0,1,0,0,1,0,0,0,0,1,1
734,2,3,36,0,0,1,0,0,0,0,0,0,1,0,0,0,0,0,1,0,0,0,0,1,1
597,3,5,54,0,0,0,1,0,0,0,0,0,0,1,0,0,0,1,0,0,1,0,0,0,1
503,3,4,39,0,0,1,0,0,0,1,0,0,0,0,0,0,0,0,1,0,1,0,0,0,1
347,3,5,28,1,0,0,0,0,0,0,0,0,0,0,0,1,0,1,0,0,1,0,0,0,1
407,4,1,53,1,0,0,0,0,0,0,0,0,1,0,0,0,0,0,1,0,0,1,0,0,1
463,4,3,64,0,1,0,0,0,0,0,0,0,0,0,0,0,1,0,1,0,0,0,1,0,1
596,2,2,40,1,0,0,0,0,0,0,0,0,1,0,0,0,0,0,1,1,0,0,0,0,1
84,4,5,29,0,0,0,1,0,0,0,0,0,1,0,0,0,0,0,1,0,1,0,0,0,1
438,2,5,45,0,1,0,0,0,0,0,0,0,1,0,0,0,0,1,0,0,0,1,0,0,1
29,5,5,38,1,0,0,0,0,0,0,0,1,0,0,0,0,0,1,0,1,0,0,0,0,1
858,1,5,41,1,0,0,0,0,0,0,0,0,1,0,0,0,0,0,1,1,0,0,0,0,1
953,1,3,62,0,0,0,1,1,0,0,0,0,0,0,0,0,0,0,1,1,0,0,0,0,1
508,3,5,43,1,0,0,0,0,0,1,0,0,0,0,0,0,0,1,0,0,0,0,0,1,1
430,4,4,57,1,0,0,0,0,1,0,0,0,0,0,0,0,0,0,1,0,0,0,0,1,1
80,5,5,29,0,0,1,0,0,0,1,0,0,0,0,0,0,0,0,1,0,1,0,0,0,1
794,2,3,50,0,0,1,0,0,0,1,0,0,0,0,0,0,0,0,1,0,0,0,1,0,1
284,4,4,57,0,0,1,0,0,0,0,1,0,0,0,0,0,0,0,1,0,0,1,0,0,1
562,3,5,57,0,0,0,1,0,0,0,0,0,1,0,0,0,0,0,1,0,0,0,1,0,1
1,5,5,21,1,0,0,0,0,0,0,0,0,0,0,0,1,0,0,1,0,0,1,0,0,1
929,2,5,65,0,0,0,1,0,0,0,0,0,0,0,1,0,0,1,0,0,0,0,0,1,1
243,4,5,36,0,0,1,0,0,0,0,0,0,0,0,0,1,0,0,1,0,1,0,0,0,1
660,2,3,51,0,0,1,0,0,0,0,0,0,0,0,0,1,0,0,1,0,1,0,0,0,1
575,3,3,57,0,0,1,0,1,0,0,0,0,0,0,0,0,0,1,0,0,0,0,1,0,1
685,2,4,48,0,0,0,1,0,0,0,0,0,1,0,0,0,0,0,1,0,1,0,0,0,1
645,3,3,59,1,0,0,0,0,1,0,0,0,0,0,0,0,0,0,1,0,0,0,1,0,1
747,3,4,62,1,0,0,0,0,0,0,0,1,0,0,0,0,0,1,0,0,0,0,0,1,1
547,4,3,55,1,0,0,0,0,0,0,0,0,0,0,1,0,0,0,1,1,0,0,0,0,1
357,4,3,60,0,0,0,1,0,0,0,0,0,1,0,0,0,0,1,0,0,0,1,0,0,1
874,1,4,59,0,0,0,1,0,0,0,1,0,0,0,0,0,0,0,1,0,0,0,0,1,1
467,2,5,30,0,0,1,0,0,0,0,0,0,0,0,0,1,0,0,1,0,1,0,0,0,1
645,3,3,59,1,0,0,0,0,1,0,0,0,0,0,0,0,0,0,1,0,0,0,1,0,1
546,3,4,42,0,0,0,1,0,1,0,0,0,0,0,0,0,0,0,1,0,0,0,1,0,1
371,3,4,32,0,1,0,0,0,0,0,0,0,1,0,0,0,0,0,1,0,0,0,1,0,1
327,4,4,62,0,0,1,0,0,0,0,0,0,1,0,0,0,0,1,0,0,0,0,0,1,1
123,5,4,54,0,0,0,1,0,0,0,0,0,0,0,0,1,0,0,1,1,0,0,0,0,1
317,5,2,64,0,1,0,0,0,0,0,0,0,0,0,0,1,0,0,1,0,0,0,1,0,1
802,2,2,59,0,1,0,0,0,0,0,0,0,1,0,0,0,0,1,0,0,0,1,0,0,1
860,1,3,37,0,0,0,1,0,0,0,0,0,1,0,0,0,0,0,1,1,0,0,0,0,1
685,2,4,48,0,0,0,1,0,0,0,0,0,1,0,0,0,0,0,1,0,1,0,0,0,1
840,1,5,53,0,0,1,0,0,1,0,0,0,0,0,0,0,0,0,1,0,1,0,0,0,1
411,3,2,43,0,0,0,1,0,0,0,0,0,1,0,0,0,0,0,1,0,0,1,0,0,1
858,1,5,41,1,0,0,0,0,0,0,0,0,1,0,0,0,0,0,1,1,0,0,0,0,1
635,3,3,62,1,0,0,0,0,0,0,0,0,0,0,1,0,0,0,1,0,0,1,0,0,1
123,5,4,54,0,0,0,1,0,0,0,0,0,0,0,0,1,0,0,1,1,0,0,0,0,1
372,3,5,28,0,0,1,0,0,0,0,0,0,0,0,1,0,0,0,1,1,0,0,0,0,1
958,1,3,65,0,0,0,1,0,1,0,0,0,0,0,0,0,0,1,0,0,0,0,1,0,1
822,1,5,42,0,0,1,0,0,1,0,0,0,0,0,0,0,0,1,0,0,0,0,0,1,1
309,4,5,52,0,0,1,0,0,0,0,0,0,0,0,0,1,0,0,1,1,0,0,0,0,1
877,1,5,58,0,1,0,0,1,0,0,0,0,0,0,0,0,0,1,0,0,0,0,0,1,1
286,5,4,65,0,0,1,0,0,0,0,0,1,0,0,0,0,0,1,0,1,0,0,0,0,1
522,3,4,56,0,0,1,0,0,0,0,0,0,1,0,0,0,0,0,1,0,1,0,0,0,1
399,5,4,60,0,1,0,0,0,0,1,0,0,0,0,0,0,0,0,1,0,1,0,0,0,1
425,4,5,58,1,0,0,0,0,0,0,0,1,0,0,0,0,0,0,1,0,0,1,0,0,1
80,5,5,29,0,0,1,0,0,0,1,0,0,0,0,0,0,0,0,1,0,1,0,0,0,1
8,5,5,33,0,1,0,0,0,0,0,1,0,0,0,0,0,0,1,0,0,1,0,0,0,1
353,4,5,59,0,0,0,1,0,0,0,0,0,1,0,0,0,0,0,1,0,0,0,0,1,1
430,4,4,57,1,0,0,0,0,1,0,0,0,0,0,0,0,0,0,1,0,0,0,0,1,1
613,1,4,30,0,0,0,1,0,0,0,0,0,1,0,0,0,0,0,1,0,1,0,0,0,1
932,1,4,60,0,0,0,1,0,0,0,0,0,0,0,0,1,0,0,1,1,0,0,0,0,1
425,4,5,58,1,0,0,0,0,0,0,0,1,0,0,0,0,0,0,1,0,0,1,0,0,1
503,3,4,39,0,0,1,0,0,0,1,0,0,0,0,0,0,0,0,1,0,1,0,0,0,1
430,4,4,57,1,0,0,0,0,1,0,0,0,0,0,0,0,0,0,1,0,0,0,0,1,1
436,5,2,63,1,0,0,0,0,0,0,0,0,0,0,0,1,0,0,1,0,0,0,1,0,1
308,5,5,65,0,0,1,0,0,0,0,1,0,0,0,0,0,0,0,1,0,0,0,1,0,1
451,3,5,55,1,0,0,0,0,0,0,1,0,0,0,0,0,0,1,0,0,0,0,0,1,1
596,2,2,40,1,0,0,0,0,0,0,0,0,1,0,0,0,0,0,1,1,0,0,0,0,1
70,5,5,25,1,0,0,0,0,0,0,0,0,1,0,0,0,0,0,1,0,1,0,0,0,1
864,1,5,56,1,0,0,0,1,0,0,0,0,0,0,0,0,0,1,0,0,1,0,0,0,1
562,3,5,57,0,0,0,1,0,0,0,0,0,1,0,0,0,0,0,1,0,0,0,1,0,1
822,1,5,42,0,0,1,0,0,1,0,0,0,0,0,0,0,0,1,0,0,0,0,0,1,1
428,2,4,20,0,0,0,1,0,0,0,0,0,1,0,0,0,0,0,1,0,0,0,1,0,1
944,2,2,65,0,0,1,0,1,0,0,0,0,0,0,0,0,0,0,1,0,0,0,0,1,1
425,4,5,58,1,0,0,0,0,0,0,0,1,0,0,0,0,0,0,1,0,0,1,0,0,1
66,5,5,53,1,0,0,0,0,0,0,0,0,0,0,0,0,1,1,0,0,1,0,0,0,1
982,1,3,62,0,1,0,0,0,0,0,0,0,0,0,0,1,0,0,1,0,0,1,0,0,1
406,4,4,59,0,1,0,0,0,0,0,0,0,0,0,0,1,0,0,1,0,0,0,1,0,1
101,5,5,48,1,0,0,0,0,0,0,0,0,0,0,0,0,1,1,0,0,0,1,0,0,1
157,5,5,53,0,0,1,0,1,0,0,0,0,0,0,0,0,0,1,0,0,1,0,0,0,1
776,2,3,62,0,0,0,1,0,0,0,0,0,0,0,0,1,0,0,1,0,1,0,0,0,1
248,4,5,27,1,0,0,0,0,0,0,1,0,0,0,0,0,0,0,1,0,0,0,0,1,1
937,2,1,59,0,0,0,1,0,0,0,0,0,1,0,0,0,0,0,1,1,0,0,0,0,1
700,3,2,64,0,0,0,1,0,0,0,0,0,0,0,1,0,0,0,1,0,0,0,0,1,1
406,4,4,59,0,1,0,0,0,0,0,0,0,0,0,0,1,0,0,1,0,0,0,1,0,1
610,2,4,54,0,0,1,0,0,0,0,0,0,0,0,0,0,1,0,1,0,1,0,0,0,1
945,2,1,61,1,0,0,0,0,0,0,0,0,1,0,0,0,0,0,1,0,0,0,0,1,1
880,1,5,44,0,1,0,0,0,0,0,0,1,0,0,0,0,0,1,0,0,0,0,0,1,1
896,1,4,48,1,0,0,0,0,0,1,0,0,0,0,0,0,0,1,0,1,0,0,0,0,1
493,4,1,62,0,0,0,1,0,0,0,0,0,1,0,0,0,0,0,1,0,1,0,0,0,1
96,5,5,47,0,1,0,0,0,0,1,0,0,0,0,0,0,0,1,0,0,0,0,0,1,1
635,3,3,62,1,0,0,0,0,0,0,0,0,0,0,1,0,0,0,1,0,0,1,0,0,1
180,5,5,43,0,0,0,1,0,0,0,0,1,0,0,0,0,0,1,0,1,0,0,0,0,1
886,1,5,61,0,0,1,0,1,0,0,0,0,0,0,0,0,0,0,1,1,0,0,0,0,1
747,3,4,62,1,0,0,0,0,0,0,0,1,0,0,0,0,0,1,0,0,0,0,0,1,1
233,5,5,62,1,0,0,0,0,0,0,0,0,1,0,0,0,0,0,1,1,0,0,0,0,1
508,3,5,43,1,0,0,0,0,0,1,0,0,0,0,0,0,0,1,0,0,0,0,0,1,1
607,2,5,55,0,0,1,0,1,0,0,0,0,0,0,0,0,0,1,0,0,0,0,0,1,1
657,1,5,42,0,0,0,1,0,0,0,0,0,0,0,0,0,1,1,0,0,0,0,1,0,1
760,2,4,58,0,1,0,0,0,0,0,0,1,0,0,0,0,0,1,0,0,0,0,0,1,1
613,1,4,30,0,0,0,1,0,0,0,0,0,1,0,0,0,0,0,1,0,1,0,0,0,1
438,2,5,45,0,1,0,0,0,0,0,0,0,1,0,0,0,0,1,0,0,0,1,0,0,1
175,5,4,54,0,0,0,1,0,1,0,0,0,0,0,0,0,0,0,1,1,0,0,0,0,1
822,1,5,42,0,0,1,0,0,1,0,0,0,0,0,0,0,0,1,0,0,0,0,0,1,1
938,1,4,53,1,0,0,0,0,0,0,0,0,0,0,0,0,1,0,1,0,0,0,1,0,1
512,4,2,60,1,0,0,0,0,0,0,0,0,1,0,0,0,0,0,1,0,0,0,0,1,1
587,3,5,62,0,0,0,1,0,0,0,0,0,0,1,0,0,0,1,0,0,0,0,1,0,1
547,4,3,55,1,0,0,0,0,0,0,0,0,0,0,1,0,0,0,1,1,0,0,0,0,1
696,3,4,62,0,0,1,0,0,0,0,0,1,0,0,0,0,0,0,1,0,1,0,0,0,1
1,5,5,21,1,0,0,0,0,0,0,0,0,0,0,0,1,0,0,1,0,0,1,0,0,1
180,5,5,43,0,0,0,1,0,0,0,0,1,0,0,0,0,0,1,0,1,0,0,0,0,1
248,4,5,27,1,0,0,0,0,0,0,1,0,0,0,0,0,0,0,1,0,0,0,0,1,1
346,5,4,63,0,0,0,1,0,0,0,0,0,0,0,1,0,0,0,1,0,0,0,1,0,1
84,4,5,29,0,0,0,1,0,0,0,0,0,1,0,0,0,0,0,1,0,1,0,0,0,1
711,1,5,32,1,0,0,0,0,0,0,0,0,0,0,0,1,0,0,1,0,1,0,0,0,1
309,4,5,52,0,0,1,0,0,0,0,0,0,0,0,0,1,0,0,1,1,0,0,0,0,1
793,1,5,30,0,1,0,0,0,0,0,0,0,1,0,0,0,0,0,1,0,0,0,0,1,1
220,4,5,51,0,1,0,0,0,0,0,0,0,0,0,0,0,1,1,0,0,0,1,0,0,1
878,1,2,36,0,1,0,0,0,0,0,0,0,1,0,0,0,0,0,1,0,0,0,1,0,1
734,2,3,36,0,0,1,0,0,0,0,0,0,1,0,0,0,0,0,1,0,0,0,0,1,1
707,4,3,62,0,0,1,0,0,0,0,0,0,1,0,0,0,0,1,0,1,0,0,0,0,1
436,5,2,63,1,0,0,0,0,0,0,0,0,0,0,0,1,0,0,1,0,0,0,1,0,1
434,4,4,57,0,0,1,0,0,0,0,0,0,1,0,0,0,0,0,1,1,0,0,0,0,1
425,4,5,58,1,0,0,0,0,0,0,0,1,0,0,0,0,0,0,1,0,0,1,0,0,1
700,3,2,64,0,0,0,1,0,0,0,0,0,0,0,1,0,0,0,1,0,0,0,0,1,1
806,2,3,55,0,0,0,1,0,0,0,0,0,0,0,0,1,0,0,1,0,0,1,0,0,1
66,5,5,53,1,0,0,0,0,0,0,0,0,0,0,0,0,1,1,0,0,1,0,0,0,1
841,2,5,60,0,0,0,1,0,0,0,0,0,0,0,1,0,0,1,0,0,1,0,0,0,1
374,5,1,65,0,0,1,0,0,0,0,0,0,0,0,0,1,0,0,1,0,0,0,0,1,1
333,4,4,59,0,0,0,1,0,0,0,1,0,0,0,0,0,0,1,0,0,0,1,0,0,1
353,4,5,59,0,0,0,1,0,0,0,0,0,1,0,0,0,0,0,1,0,0,0,0,1,1
558,4,2,59,1,0,0,0,0,0,0,0,0,1,0,0,0,0,0,1,0,1,0,0,0,1
505,2,5,40,0,0,0,1,0,0,0,0,0,0,1,0,0,0,0,1,0,0,0,0,1,1
546,3,4,42,0,0,0,1,0,1,0,0,0,0,0,0,0,0,0,1,0,0,0,1,0,1
799,1,5,55,0,1,0,0,0,0,0,0,0,1,0,0,0,0,0,1,0,0,1,0,0,1
645,3,3,59,1,0,0,0,0,1,0,0,0,0,0,0,0,0,0,1,0,0,0,1,0,1
480,1,5,18,0,0,1,0,0,0,0,0,0,1,0,0,0,0,0,1,0,0,1,0,0,1
937,2,1,59,0,0,0,1,0,0,0,0,0,1,0,0,0,0,0,1,1,0,0,0,0,1
896,1,4,48,1,0,0,0,0,0,1,0,0,0,0,0,0,0,1,0,1,0,0,0,0,1
29,5,5,38,1,0,0,0,0,0,0,0,1,0,0,0,0,0,1,0,1,0,0,0,0,1
73,5,5,42,1,0,0,0,0,0,1,0,0,0,0,0,0,0,1,0,0,1,0,0,0,1
788,1,2,21,1,0,0,0,0,0,0,0,0,1,0,0,0,0,0,1,0,0,1,0,0,1
553,4,4,58,1,0,0,0,0,0,1,0,0,0,0,0,0,0,0,1,0,0,0,1,0,1
507,3,5,63,1,0,0,0,0,0,0,1,0,0,0,0,0,0,1,0,0,0,1,0,0,1
858,1,5,41,1,0,0,0,0,0,0,0,0,1,0,0,0,0,0,1,1,0,0,0,0,1
999,1,2,60,0,0,0,1,0,0,1,0,0,0,0,0,0,0,0,1,0,0,0,0,1,1
413,3,5,45,0,0,0,1,1,0,0,0,0,0,0,0,0,0,0,1,1,0,0,0,0,1
1,5,5,21,1,0,0,0,0,0,0,0,0,0,0,0,1,0,0,1,0,0,1,0,0,1
835,1,5,45,0,1,0,0,0,0,0,0,0,1,0,0,0,0,1,0,0,1,0,0,0,1
760,2,4,58,0,1,0,0,0,0,0,0,1,0,0,0,0,0,1,0,0,0,0,0,1,1
180,5,5,43,0,0,0,1,0,0,0,0,1,0,0,0,0,0,1,0,1,0,0,0,0,1
869,1,5,59,1,0,0,0,0,0,0,0,0,0,0,0,1,0,0,1,0,0,0,0,1,1
665,2,4,47,0,0,1,0,0,0,0,0,0,0,0,0,1,0,0,1,0,0,0,1,0,1
24,4,5,21,0,0,0,1,0,0,0,0,0,0,0,0,1,0,0,1,0,1,0,0,0,1
862,1,5,58,0,0,0,1,1,0,0,0,0,0,0,0,0,0,0,1,0,1,0,0,0,1
760,2,4,58,0,1,0,0,0,0,0,0,1,0,0,0,0,0,1,0,0,0,0,0,1,1
466,3,5,42,0,0,1,0,0,0,0,0,0,0,0,0,1,0,0,1,0,1,0,0,0,1
44,5,5,25,0,0,1,0,0,0,0,0,0,0,0,0,1,0,0,1,0,0,0,0,1,1
864,1,5,56,1,0,0,0,1,0,0,0,0,0,0,0,0,0,1,0,0,1,0,0,0,1
746,1,4,43,0,0,0,1,0,0,0,0,0,1,0,0,0,0,0,1,0,0,1,0,0,1
871,1,5,48,1,0,0,0,0,0,1,0,0,0,0,0,0,0,1,0,0,1,0,0,0,1
275,4,5,30,0,0,1,0,0,0,1,0,0,0,0,0,0,0,1,0,1,0,0,0,0,1
34,5,5,45,0,0,0,1,1,0,0,0,0,0,0,0,0,0,1,0,0,0,1,0,0,1
163,4,5,38,1,0,0,0,0,0,1,0,0,0,0,0,0,0,0,1,0,0,1,0,0,1
607,2,5,55,0,0,1,0,1,0,0,0,0,0,0,0,0,0,1,0,0,0,0,0,1,1
685,2,4,48,0,0,0,1,0,0,0,0,0,1,0,0,0,0,0,1,0,1,0,0,0,1
915,1,4,61,0,0,1,0,0,0,1,0,0,0,0,0,0,0,1,0,0,1,0,0,0,1
944,2,2,65,0,0,1,0,1,0,0,0,0,0,0,0,0,0,0,1,0,0,0,0,1,1
539,3,4,49,1,0,0,0,1,0,0,0,0,0,0,0,0,0,1,0,0,1,0,0,0,1
592,2,5,44,0,0,0,1,0,0,0,0,1,0,0,0,0,0,1,0,0,0,0,1,0,1
379,2,5,34,0,0,0,1,0,0,0,0,0,0,0,0,0,1,1,0,0,0,1,0,0,1
944,2,2,65,0,0,1,0,1,0,0,0,0,0,0,0,0,0,0,1,0,0,0,0,1,1
44,5,5,25,0,0,1,0,0,0,0,0,0,0,0,0,1,0,0,1,0,0,0,0,1,1
773,1,4,47,0,0,1,0,0,0,0,0,0,1,0,0,0,0,0,1,0,1,0,0,0,1
489,1,5,22,0,0,0,1,0,0,0,0,0,0,0,0,0,1,1,0,0,0,0,1,0,1
547,4,3,55,1,0,0,0,0,0,0,0,0,0,0,1,0,0,0,1,1,0,0,0,0,1
57,5,4,40,0,0,0,1,0,0,0,0,0,0,0,0,1,0,0,1,0,0,1,0,0,1
788,1,2,21,1,0,0,0,0,0,0,0,0,1,0,0,0,0,0,1,0,0,1,0,0,1
520,3,5,53,0,0,0,1,0,0,0,0,0,0,0,0,0,1,0,1,0,1,0,0,0,1
507,3,5,63,1,0,0,0,0,0,0,1,0,0,0,0,0,0,1,0,0,0,1,0,0,1
876,3,3,64,0,1,0,0,0,0,1,0,0,0,0,0,0,0,0,1,1,0,0,0,0,1
635,3,3,62,1,0,0,0,0,0,0,0,0,0,0,1,0,0,0,1,0,0,1,0,0,1
70,5,5,25,1,0,0,0,0,0,0,0,0,1,0,0,0,0,0,1,0,1,0,0,0,1
579,3,1,37,0,0,1,0,0,0,0,0,0,1,0,0,0,0,0,1,0,0,1,0,0,1
805,2,3,63,0,0,1,0,0,0,0,0,0,0,0,1,0,0,0,1,0,1,0,0,0,1
582,2,3,42,1,0,0,0,0,0,0,0,0,0,0,0,1,0,0,1,1,0,0,0,0,1
347,3,5,28,1,0,0,0,0,0,0,0,0,0,0,0,1,0,1,0,0,1,0,0,0,1
944,2,2,65,0,0,1,0,1,0,0,0,0,0,0,0,0,0,0,1,0,0,0,0,1,1
389,4,3,36,0,0,0,1,0,0,0,0,0,0,0,0,1,0,0,1,0,0,1,0,0,1
822,1,5,42,0,0,1,0,0,1,0,0,0,0,0,0,0,0,1,0,0,0,0,0,1,1
748,2,5,45,0,0,1,0,0,0,1,0,0,0,0,0,0,0,1,0,1,0,0,0,0,1
93,5,4,49,0,1,0,0,0,0,0,0,0,0,0,0,0,1,0,1,0,0,0,0,1,1
802,2,2,59,0,1,0,0,0,0,0,0,0,1,0,0,0,0,1,0,0,0,1,0,0,1
929,2,5,65,0,0,0,1,0,0,0,0,0,0,0,1,0,0,1,0,0,0,0,0,1,1
599,3,2,63,0,0,0,1,0,0,0,0,0,0,0,0,1,0,0,1,0,1,0,0,0,1
698,3,1,50,0,0,0,1,0,0,0,0,0,0,0,0,1,0,0,1,0,0,0,0,1,1
529,3,1,41,0,0,0,1,0,0,0,0,0,1,0,0,0,0,1,0,0,0,1,0,0,1
665,2,4,47,0,0,1,0,0,0,0,0,0,0,0,0,1,0,0,1,0,0,0,1,0,1
752,3,3,59,1,0,0,0,0,0,0,0,0,1,0,0,0,0,0,1,0,1,0,0,0,1
444,4,3,63,0,0,0,1,0,0,0,0,0,0,0,1,0,0,1,0,0,1,0,0,0,1
896,1,4,48,1,0,0,0,0,0,1,0,0,0,0,0,0,0,1,0,1,0,0,0,0,1
802,2,2,59,0,1,0,0,0,0,0,0,0,1,0,0,0,0,1,0,0,0,1,0,0,1
66,5,5,53,1,0,0,0,0,0,0,0,0,0,0,0,0,1,1,0,0,1,0,0,0,1
341,4,5,58,0,1,0,0,0,1,0,0,0,0,0,0,0,0,1,0,0,0,0,0,1,1
351,4,4,51,0,0,0,1,0,0,1,0,0,0,0,0,0,0,0,1,0,0,0,1,0,1
546,3,4,42,0,0,0,1,0,1,0,0,0,0,0,0,0,0,0,1,0,0,0,1,0,1
331,4,4,58,1,0,0,0,0,0,1,0,0,0,0,0,0,0,0,1,0,0,1,0,0,1
940,1,3,62,0,1,0,0,0,0,0,0,0,0,0,0,1,0,0,1,0,0,0,0,1,1
880,1,5,44,0,1,0,0,0,0,0,0,1,0,0,0,0,0,1,0,0,0,0,0,1,1
776,2,3,62,0,0,0,1,0,0,0,0,0,0,0,0,1,0,0,1,0,1,0,0,0,1
526,3,5,49,0,0,1,0,0,0,0,1,0,0,0,0,0,0,0,1,0,0,0,1,0,1
429,4,5,60,0,0,1,0,0,0,0,0,0,0,0,0,1,0,0,1,0,0,0,0,1,1
864,1,5,56,1,0,0,0,1,0,0,0,0,0,0,0,0,0,1,0,0,1,0,0,0,1
156,4,5,30,0,0,1,0,0,0,0,0,0,0,0,1,0,0,0,1,0,0,0,0,1,1
103,5,5,30,0,1,0,0,0,0,1,0,0,0,0,0,0,0,1,0,0,1,0,0,0,1
805,2,3,63,0,0,1,0,0,0,0,0,0,0,0,1,0,0,0,1,0,1,0,0,0,1
841,2,5,60,0,0,0,1,0,0,0,0,0,0,0,1,0,0,1,0,0,1,0,0,0,1
999,1,2,60,0,0,0,1,0,0,1,0,0,0,0,0,0,0,0,1,0,0,0,0,1,1
864,1,5,56,1,0,0,0,1,0,0,0,0,0,0,0,0,0,1,0,0,1,0,0,0,1
220,4,5,51,0,1,0,0,0,0,0,0,0,0,0,0,0,1,1,0,0,0,1,0,0,1
73,5,5,42,1,0,0,0,0,0,1,0,0,0,0,0,0,0,1,0,0,1,0,0,0,1
428,2,4,20,0,0,0,1,0,0,0,0,0,1,0,0,0,0,0,1,0,0,0,1,0,1
317,5,2,64,0,1,0,0,0,0,0,0,0,0,0,0,1,0,0,1,0,0,0,1,0,1
575,3,3,57,0,0,1,0,1,0,0,0,0,0,0,0,0,0,1,0,0,0,0,1,0,1
434,4,4,57,0,0,1,0,0,0,0,0,0,1,0,0,0,0,0,1,1,0,0,0,0,1
645,3,3,59,1,0,0,0,0,1,0,0,0,0,0,0,0,0,0,1,0,0,0,1,0,1
686,3,3,63,0,0,0,1,0,0,1,0,0,0,0,0,0,0,1,0,0,1,0,0,0,1
350,4,5,65,0,1,0,0,0,0,0,0,0,0,0,0,1,0,0,1,0,0,1,0,0,1
181,5,4,64,1,0,0,0,0,0,0,0,0,0,0,0,1,0,0,1,0,0,0,0,1,1
968,1,3,62,0,1,0,0,0,0,0,0,0,0,0,0,1,0,0,1,0,0,0,0,1,1
303,4,4,49,0,0,1,0,0,0,1,0,0,0,0,0,0,0,1,0,0,0,0,0,1,1
553,4,4,58,1,0,0,0,0,0,1,0,0,0,0,0,0,0,0,1,0,0,0,1,0,1
344,5,5,63,0,0,1,0,0,0,0,0,1,0,0,0,0,0,0,1,0,0,0,1,0,1
731,2,4,56,0,0,0,1,0,0,0,0,0,1,0,0,0,0,0,1,1,0,0,0,0,1
711,1,5,32,1,0,0,0,0,0,0,0,0,0,0,0,1,0,0,1,0,1,0,0,0,1
921,1,2,51,1,0,0,0,0,0,0,0,0,0,0,0,1,0,0,1,0,0,1,0,0,1
752,3,3,59,1,0,0,0,0,0,0,0,0,1,0,0,0,0,0,1,0,1,0,0,0,1
916,1,5,65,0,1,0,0,0,1,0,0,0,0,0,0,0,0,0,1,0,0,0,1,0,1
841,2,5,60,0,0,0,1,0,0,0,0,0,0,0,1,0,0,1,0,0,1,0,0,0,1
89,4,5,19,0,0,0,1,0,0,0,0,0,1,0,0,0,0,0,1,0,0,0,0,1,1
890,1,2,41,0,0,1,0,0,0,0,0,0,1,0,0,0,0,0,1,0,0,0,0,1,1
698,3,1,50,0,0,0,1,0,0,0,0,0,0,0,0,1,0,0,1,0,0,0,0,1,1
878,1,2,36,0,1,0,0,0,0,0,0,0,1,0,0,0,0,0,1,0,0,0,1,0,1
546,3,4,42,0,0,0,1,0,1,0,0,0,0,0,0,0,0,0,1,0,0,0,1,0,1
820,2,3,64,0,1,0,0,0,0,0,0,0,0,0,1,0,0,0,1,0,0,1,0,0,1
847,2,2,52,0,1,0,0,0,0,0,0,0,1,0,0,0,0,0,1,0,0,0,1,0,1
575,3,3,57,0,0,1,0,1,0,0,0,0,0,0,0,0,0,1,0,0,0,0,1,0,1
225,4,5,48,0,0,1,0,0,0,1,0,0,0,0,0,0,0,1,0,0,0,1,0,0,1
190,5,5,56,0,0,0,1,0,0,0,0,0,0,0,0,1,0,0,1,1,0,0,0,0,1
864,1,5,56,1,0,0,0,1,0,0,0,0,0,0,0,0,0,1,0,0,1,0,0,0,1
429,4,5,60,0,0,1,0,0,0,0,0,0,0,0,0,1,0,0,1,0,0,0,0,1,1
925,1,4,58,0,0,0,1,1,0,0,0,0,0,0,0,0,0,1,0,0,0,1,0,0,1
835,1,5,45,0,1,0,0,0,0,0,0,0,1,0,0,0,0,1,0,0,1,0,0,0,1
607,2,5,55,0,0,1,0,1,0,0,0,0,0,0,0,0,0,1,0,0,0,0,0,1,1
233,5,5,62,1,0,0,0,0,0,0,0,0,1,0,0,0,0,0,1,1,0,0,0,0,1
609,4,5,65,0,0,1,0,0,0,0,0,1,0,0,0,0,0,0,1,0,0,0,0,1,1
126,5,5,58,0,1,0,0,0,0,0,0,0,0,0,1,0,0,0,1,0,1,0,0,0,1
103,5,5,30,0,1,0,0,0,0,1,0,0,0,0,0,0,0,1,0,0,1,0,0,0,1
880,1,5,44,0,1,0,0,0,0,0,0,1,0,0,0,0,0,1,0,0,0,0,0,1,1
768,2,4,45,0,0,0,1,0,0,0,0,1,0,0,0,0,0,1,0,0,0,0,0,1,1
659,2,5,50,0,0,1,0,0,0,0,0,0,0,0,1,0,0,0,1,0,1,0,0,0,1
144,5,5,43,0,1,0,0,0,0,1,0,0,0,0,0,0,0,1,0,0,0,0,0,1,1
477,4,3,53,0,1,0,0,0,0,0,0,0,1,0,0,0,0,1,0,0,0,0,1,0,1
436,5,2,63,1,0,0,0,0,0,0,0,0,0,0,0,1,0,0,1,0,0,0,1,0,1
444,4,3,63,0,0,0,1,0,0,0,0,0,0,0,1,0,0,1,0,0,1,0,0,0,1
898,1,2,42,0,1,0,0,0,0,0,0,0,1,0,0,0,0,1,0,0,0,1,0,0,1
820,2,3,64,0,1,0,0,0,0,0,0,0,0,0,1,0,0,0,1,0,0,1,0,0,1
73,5,5,42,1,0,0,0,0,0,1,0,0,0,0,0,0,0,1,0,0,1,0,0,0,1
801,2,4,56,0,0,1,0,0,0,0,1,0,0,0,0,0,0,0,1,0,0,1,0,0,1
366,5,3,62,0,0,0,1,0,0,0,0,0,1,0,0,0,0,0,1,0,1,0,0,0,1
262,5,3,45,0,1,0,0,0,0,0,0,0,1,0,0,0,0,0,1,0,1,0,0,0,1
407,4,1,53,1,0,0,0,0,0,0,0,0,1,0,0,0,0,0,1,0,0,1,0,0,1
528,4,3,60,1,0,0,0,0,0,0,0,0,1,0,0,0,0,0,1,0,0,1,0,0,1
558,4,2,59,1,0,0,0,0,0,0,0,0,1,0,0,0,0,0,1,0,1,0,0,0,1
93,5,4,49,0,1,0,0,0,0,0,0,0,0,0,0,0,1,0,1,0,0,0,0,1,1
874,1,4,59,0,0,0,1,0,0,0,1,0,0,0,0,0,0,0,1,0,0,0,0,1,1
156,4,5,30,0,0,1,0,0,0,0,0,0,0,0,1,0,0,0,1,0,0,0,0,1,1
353,4,5,59,0,0,0,1,0,0,0,0,0,1,0,0,0,0,0,1,0,0,0,0,1,1
772,2,2,54,1,0,0,0,0,0,1,0,0,0,0,0,0,0,1,0,0,0,0,0,1,1
217,5,3,58,0,1,0,0,0,0,0,0,0,0,0,0,1,0,0,1,0,0,1,0,0,1
96,5,5,47,0,1,0,0,0,0,1,0,0,0,0,0,0,0,1,0,0,0,0,0,1,1
451,3,5,55,1,0,0,0,0,0,0,1,0,0,0,0,0,0,1,0,0,0,0,0,1,1
221,5,3,53,0,0,1,0,0,0,1,0,0,0,0,0,0,0,0,1,1,0,0,0,0,1
438,2,5,45,0,1,0,0,0,0,0,0,0,1,0,0,0,0,1,0,0,0,1,0,0,1
752,3,3,59,1,0,0,0,0,0,0,0,0,1,0,0,0,0,0,1,0,1,0,0,0,1
327,4,4,62,0,0,1,0,0,0,0,0,0,1,0,0,0,0,1,0,0,0,0,0,1,1
825,2,4,59,1,0,0,0,0,0,0,1,0,0,0,0,0,0,1,0,0,1,0,0,0,1
123,5,4,54,0,0,0,1,0,0,0,0,0,0,0,0,1,0,0,1,1,0,0,0,0,1
923,1,3,55,0,1,0,0,0,0,0,0,0,1,0,0,0,0,1,0,1,0,0,0,0,1
623,1,5,25,0,0,1,0,0,0,0,0,0,1,0,0,0,0,1,0,0,0,1,0,0,1
436,5,2,63,1,0,0,0,0,0,0,0,0,0,0,0,1,0,0,1,0,0,0,1,0,1
379,2,5,34,0,0,0,1,0,0,0,0,0,0,0,0,0,1,1,0,0,0,1,0,0,1
24,4,5,21,0,0,0,1,0,0,0,0,0,0,0,0,1,0,0,1,0,1,0,0,0,1
748,2,5,45,0,0,1,0,0,0,1,0,0,0,0,0,0,0,1,0,1,0,0,0,0,1
921,1,2,51,1,0,0,0,0,0,0,0,0,0,0,0,1,0,0,1,0,0,1,0,0,1
597,3,5,54,0,0,0,1,0,0,0,0,0,0,1,0,0,0,1,0,0,1,0,0,0,1
70,5,5,25,1,0,0,0,0,0,0,0,0,1,0,0,0,0,0,1,0,1,0,0,0,1
929,2,5,65,0,0,0,1,0,0,0,0,0,0,0,1,0,0,1,0,0,0,0,0,1,1
607,2,5,55,0,0,1,0,1,0,0,0,0,0,0,0,0,0,1,0,0,0,0,0,1,1
374,5,1,65,0,0,1,0,0,0,0,0,0,0,0,0,1,0,0,1,0,0,0,0,1,1
697,2,5,57,0,0,1,0,0,0,0,1,0,0,0,0,0,0,1,0,0,0,0,0,1,1
413,3,5,45,0,0,0,1,1,0,0,0,0,0,0,0,0,0,0,1,1,0,0,0,0,1
354,3,5,45,0,0,1,0,1,0,0,0,0,0,0,0,0,0,1,0,0,0,0,0,1,1
87,5,5,38,0,0,1,0,1,0,0,0,0,0,0,0,0,0,1,0,1,0,0,0,0,1
660,2,3,51,0,0,1,0,0,0,0,0,0,0,0,0,1,0,0,1,0,1,0,0,0,1
698,3,1,50,0,0,0,1,0,0,0,0,0,0,0,0,1,0,0,1,0,0,0,0,1,1
499,5,2,64,0,1,0,0,0,0,0,0,0,0,0,0,1,0,0,1,0,0,0,0,1,1
737,2,5,64,0,0,0,1,0,0,0,0,0,0,0,0,1,0,0,1,0,0,0,0,1,1
944,2,2,65,0,0,1,0,1,0,0,0,0,0,0,0,0,0,0,1,0,0,0,0,1,1
512,4,2,60,1,0,0,0,0,0,0,0,0,1,0,0,0,0,0,1,0,0,0,0,1,1
503,3,4,39,0,0,1,0,0,0,1,0,0,0,0,0,0,0,0,1,0,1,0,0,0,1
29,5,5,38,1,0,0,0,0,0,0,0,1,0,0,0,0,0,1,0,1,0,0,0,0,1
862,1,5,58,0,0,0,1,1,0,0,0,0,0,0,0,0,0,0,1,0,1,0,0,0,1
262,5,3,45,0,1,0,0,0,0,0,0,0,1,0,0,0,0,0,1,0,1,0,0,0,1
103,5,5,30,0,1,0,0,0,0,1,0,0,0,0,0,0,0,1,0,0,1,0,0,0,1
609,4,5,65,0,0,1,0,0,0,0,0,1,0,0,0,0,0,0,1,0,0,0,0,1,1
489,1,5,22,0,0,0,1,0,0,0,0,0,0,0,0,0,1,1,0,0,0,0,1,0,1
84,4,5,29,0,0,0,1,0,0,0,0,0,1,0,0,0,0,0,1,0,1,0,0,0,1
937,2,1,59,0,0,0,1,0,0,0,0,0,1,0,0,0,0,0,1,1,0,0,0,0,1
286,5,4,65,0,0,1,0,0,0,0,0,1,0,0,0,0,0,1,0,1,0,0,0,0,1
434,4,4,57,0,0,1,0,0,0,0,0,0,1,0,0,0,0,0,1,1,0,0,0,0,1
220,4,5,51,0,1,0,0,0,0,0,0,0,0,0,0,0,1,1,0,0,0,1,0,0,1
341,4,5,58,0,1,0,0,0,1,0,0,0,0,0,0,0,0,1,0,0,0,0,0,1,1
846,1,5,64,0,0,0,1,0,0,1,0,0,0,0,0,0,0,0,1,0,0,0,1,0,1
801,2,4,56,0,0,1,0,0,0,0,1,0,0,0,0,0,0,0,1,0,0,1,0,0,1
1,5,5,21,1,0,0,0,0,0,0,0,0,0,0,0,1,0,0,1,0,0,1,0,0,1
597,3,5,54,0,0,0,1,0,0,0,0,0,0,1,0,0,0,1,0,0,1,0,0,0,1
508,3,5,43,1,0,0,0,0,0,1,0,0,0,0,0,0,0,1,0,0,0,0,0,1,1
243,4,5,36,0,0,1,0,0,0,0,0,0,0,0,0,1,0,0,1,0,1,0,0,0,1
844,1,5,41,0,1,0,0,1,0,0,0,0,0,0,0,0,0,0,1,0,0,1,0,0,1
477,4,3,53,0,1,0,0,0,0,0,0,0,1,0,0,0,0,1,0,0,0,0,1,0,1
89,4,5,19,0,0,0,1,0,0,0,0,0,1,0,0,0,0,0,1,0,0,0,0,1,1
539,3,4,49,1,0,0,0,1,0,0,0,0,0,0,0,0,0,1,0,0,1,0,0,0,1
341,4,5,58,0,1,0,0,0,1,0,0,0,0,0,0,0,0,1,0,0,0,0,0,1,1
599,3,2,63,0,0,0,1,0,0,0,0,0,0,0,0,1,0,0,1,0,1,0,0,0,1
87,5,5,38,0,0,1,0,1,0,0,0,0,0,0,0,0,0,1,0,1,0,0,0,0,1
801,2,4,56,0,0,1,0,0,0,0,1,0,0,0,0,0,0,0,1,0,0,1,0,0,1
599,3,2,63,0,0,0,1,0,0,0,0,0,0,0,0,1,0,0,1,0,1,0,0,0,1
968,1,3,62,0,1,0,0,0,0,0,0,0,0,0,0,1,0,0,1,0,0,0,0,1,1
512,4,2,60,1,0,0,0,0,0,0,0,0,1,0,0,0,0,0,1,0,0,0,0,1,1
562,3,5,57,0,0,0,1,0,0,0,0,0,1,0,0,0,0,0,1,0,0,0,1,0,1
864,1,5,56,1,0,0,0,1,0,0,0,0,0,0,0,0,0,1,0,0,1,0,0,0,1
760,2,4,58,0,1,0,0,0,0,0,0,1,0,0,0,0,0,1,0,0,0,0,0,1,1
537,3,4,49,0,0,0,1,0,0,0,1,0,0,0,0,0,0,1,0,0,1,0,0,0,1
820,2,3,64,0,1,0,0,0,0,0,0,0,0,0,1,0,0,0,1,0,0,1,0,0,1
407,4,1,53,1,0,0,0,0,0,0,0,0,1,0,0,0,0,0,1,0,0,1,0,0,1
8,5,5,33,0,1,0,0,0,0,0,1,0,0,0,0,0,0,1,0,0,1,0,0,0,1
862,1,5,58,0,0,0,1,1,0,0,0,0,0,0,0,0,0,0,1,0,1,0,0,0,1
871,1,5,48,1,0,0,0,0,0,1,0,0,0,0,0,0,0,1,0,0,1,0,0,0,1
309,4,5,52,0,0,1,0,0,0,0,0,0,0,0,0,1,0,0,1,1,0,0,0,0,1
303,4,4,49,0,0,1,0,0,0,1,0,0,0,0,0,0,0,1,0,0,0,0,0,1,1
505,2,5,40,0,0,0,1,0,0,0,0,0,0,1,0,0,0,0,1,0,0,0,0,1,1
144,5,5,43,0,1,0,0,0,0,1,0,0,0,0,0,0,0,1,0,0,0,0,0,1,1
999,1,2,60,0,0,0,1,0,0,1,0,0,0,0,0,0,0,0,1,0,0,0,0,1,1
985,1,1,55,0,1,0,0,0,0,0,0,0,1,0,0,0,0,0,1,1,0,0,0,0,1
760,2,4,58,0,1,0,0,0,0,0,0,1,0,0,0,0,0,1,0,0,0,0,0,1,1
84,4,5,29,0,0,0,1,0,0,0,0,0,1,0,0,0,0,0,1,0,1,0,0,0,1
877,1,5,58,0,1,0,0,1,0,0,0,0,0,0,0,0,0,1,0,0,0,0,0,1,1
413,3,5,45,0,0,0,1,1,0,0,0,0,0,0,0,0,0,0,1,1,0,0,0,0,1
927,1,4,58,0,0,0,1,0,0,0,0,0,1,0,0,0,0,0,1,0,0,1,0,0,1
776,2,3,62,0,0,0,1,0,0,0,0,0,0,0,0,1,0,0,1,0,1,0,0,0,1
93,5,4,49,0,1,0,0,0,0,0,0,0,0,0,0,0,1,0,1,0,0,0,0,1,1
869,1,5,59,1,0,0,0,0,0,0,0,0,0,0,0,1,0,0,1,0,0,0,0,1,1
902,1,4,63,0,0,1,0,0,1,0,0,0,0,0,0,0,0,1,0,0,0,1,0,0,1
309,4,5,52,0,0,1,0,0,0,0,0,0,0,0,0,1,0,0,1,1,0,0,0,0,1
102,5,3,43,0,0,0,1,0,0,1,0,0,0,0,0,0,0,1,0,0,0,1,0,0,1
635,3,3,62,1,0,0,0,0,0,0,0,0,0,0,1,0,0,0,1,0,0,1,0,0,1
754,2,4,57,0,1,0,0,0,0,0,0,0,0,0,1,0,0,1,0,0,0,1,0,0,1
243,4,5,36,0,0,1,0,0,0,0,0,0,0,0,0,1,0,0,1,0,1,0,0,0,1
968,1,3,62,0,1,0,0,0,0,0,0,0,0,0,0,1,0,0,1,0,0,0,0,1,1
357,4,3,60,0,0,0,1,0,0,0,0,0,1,0,0,0,0,1,0,0,0,1,0,0,1
284,4,4,57,0,0,1,0,0,0,0,1,0,0,0,0,0,0,0,1,0,0,1,0,0,1
486,4,4,65,1,0,0,0,0,0,0,1,0,0,0,0,0,0,0,1,0,0,1,0,0,1
685,2,4,48,0,0,0,1,0,0,0,0,0,1,0,0,0,0,0,1,0,1,0,0,0,1
334,4,5,36,0,1,0,0,0,0,1,0,0,0,0,0,0,0,1,0,1,0,0,0,0,1
243,4,5,36,0,0,1,0,0,0,0,0,0,0,0,0,1,0,0,1,0,1,0,0,0,1
190,5,5,56,0,0,0,1,0,0,0,0,0,0,0,0,1,0,0,1,1,0,0,0,0,1
502,3,3,44,0,0,1,0,1,0,0,0,0,0,0,0,0,0,0,1,0,0,1,0,0,1
344,5,5,63,0,0,1,0,0,0,0,0,1,0,0,0,0,0,0,1,0,0,0,1,0,1
899,2,1,60,1,0,0,0,0,0,0,0,0,1,0,0,0,0,0,1,0,0,0,0,1,1
929,2,5,65,0,0,0,1,0,0,0,0,0,0,0,1,0,0,1,0,0,0,0,0,1,1
927,1,4,58,0,0,0,1,0,0,0,0,0,1,0,0,0,0,0,1,0,0,1,0,0,1
916,1,5,65,0,1,0,0,0,1,0,0,0,0,0,0,0,0,0,1,0,0,0,1,0,1
582,2,3,42,1,0,0,0,0,0,0,0,0,0,0,0,1,0,0,1,1,0,0,0,0,1
610,2,4,54,0,0,1,0,0,0,0,0,0,0,0,0,0,1,0,1,0,1,0,0,0,1
195,4,5,53,0,0,1,0,0,0,0,0,0,0,0,1,0,0,1,0,0,0,0,1,0,1
175,5,4,54,0,0,0,1,0,1,0,0,0,0,0,0,0,0,0,1,1,0,0,0,0,1
748,2,5,45,0,0,1,0,0,0,1,0,0,0,0,0,0,0,1,0,1,0,0,0,0,1
876,3,3,64,0,1,0,0,0,0,1,0,0,0,0,0,0,0,0,1,1,0,0,0,0,1
582,2,3,42,1,0,0,0,0,0,0,0,0,0,0,0,1,0,0,1,1,0,0,0,0,1
1,5,5,21,1,0,0,0,0,0,0,0,0,0,0,0,1,0,0,1,0,0,1,0,0,1
685,2,4,48,0,0,0,1,0,0,0,0,0,1,0,0,0,0,0,1,0,1,0,0,0,1
341,4,5,58,0,1,0,0,0,1,0,0,0,0,0,0,0,0,1,0,0,0,0,0,1,1
156,4,5,30,0,0,1,0,0,0,0,0,0,0,0,1,0,0,0,1,0,0,0,0,1,1
340,4,4,48,0,0,0,1,0,0,0,0,0,1,0,0,0,0,0,1,0,0,0,0,1,1
497,4,3,57,0,0,1,0,0,0,0,0,0,1,0,0,0,0,0,1,0,0,0,1,0,1
825,2,4,59,1,0,0,0,0,0,0,1,0,0,0,0,0,0,1,0,0,1,0,0,0,1
96,5,5,47,0,1,0,0,0,0,1,0,0,0,0,0,0,0,1,0,0,0,0,0,1,1
613,1,4,30,0,0,0,1,0,0,0,0,0,1,0,0,0,0,0,1,0,1,0,0,0,1
357,4,3,60,0,0,0,1,0,0,0,0,0,1,0,0,0,0,1,0,0,0,1,0,0,1
87,5,5,38,0,0,1,0,1,0,0,0,0,0,0,0,0,0,1,0,1,0,0,0,0,1
537,3,4,49,0,0,0,1,0,0,0,1,0,0,0,0,0,0,1,0,0,1,0,0,0,1
822,1,5,42,0,0,1,0,0,1,0,0,0,0,0,0,0,0,1,0,0,0,0,0,1,1
66,5,5,53,1,0,0,0,0,0,0,0,0,0,0,0,0,1,1,0,0,1,0,0,0,1
844,1,5,41,0,1,0,0,1,0,0,0,0,0,0,0,0,0,0,1,0,0,1,0,0,1
262,5,3,45,0,1,0,0,0,0,0,0,0,1,0,0,0,0,0,1,0,1,0,0,0,1
436,5,2,63,1,0,0,0,0,0,0,0,0,0,0,0,1,0,0,1,0,0,0,1,0,1
211,4,5,39,0,0,0,1,0,0,0,1,0,0,0,0,0,0,1,0,0,0,0,1,0,1
748,2,5,45,0,0,1,0,0,0,1,0,0,0,0,0,0,0,1,0,1,0,0,0,0,1
609,4,5,65,0,0,1,0,0,0,0,0,1,0,0,0,0,0,0,1,0,0,0,0,1,1
938,1,4,53,1,0,0,0,0,0,0,0,0,0,0,0,0,1,0,1,0,0,0,1,0,1
528,4,3,60,1,0,0,0,0,0,0,0,0,1,0,0,0,0,0,1,0,0,1,0,0,1
529,3,1,41,0,0,0,1,0,0,0,0,0,1,0,0,0,0,1,0,0,0,1,0,0,1
1,5,5,21,1,0,0,0,0,0,0,0,0,0,0,0,1,0,0,1,0,0,1,0,0,1
99,5,5,55,1,0,0,0,0,0,0,0,1,0,0,0,0,0,0,1,0,0,1,0,0,1
858,1,5,41,1,0,0,0,0,0,0,0,0,1,0,0,0,0,0,1,1,0,0,0,0,1
846,1,5,64,0,0,0,1,0,0,1,0,0,0,0,0,0,0,0,1,0,0,0,1,0,1
219,5,5,64,0,0,0,1,0,0,0,0,0,0,1,0,0,0,1,0,0,0,0,0,1,1
596,2,2,40,1,0,0,0,0,0,0,0,0,1,0,0,0,0,0,1,1,0,0,0,0,1
874,1,4,59,0,0,0,1,0,0,0,1,0,0,0,0,0,0,0,1,0,0,0,0,1,1
763,3,2,54,0,0,0,1,0,1,0,0,0,0,0,0,0,0,0,1,0,0,0,0,1,1
395,3,5,48,0,0,1,0,0,0,0,0,0,0,0,1,0,0,0,1,0,1,0,0,0,1
351,4,4,51,0,0,0,1,0,0,1,0,0,0,0,0,0,0,0,1,0,0,0,1,0,1
858,1,5,41,1,0,0,0,0,0,0,0,0,1,0,0,0,0,0,1,1,0,0,0,0,1
185,5,2,58,0,0,0,1,0,0,0,0,0,0,0,1,0,0,0,1,0,0,0,0,1,1
915,1,4,61,0,0,1,0,0,0,1,0,0,0,0,0,0,0,1,0,0,1,0,0,0,1
3,5,4,20,0,0,1,0,0,0,0,0,0,0,0,0,1,0,0,1,0,0,0,0,1,1
438,2,5,45,0,1,0,0,0,0,0,0,0,1,0,0,0,0,1,0,0,0,1,0,0,1
528,4,3,60,1,0,0,0,0,0,0,0,0,1,0,0,0,0,0,1,0,0,1,0,0,1
70,5,5,25,1,0,0,0,0,0,0,0,0,1,0,0,0,0,0,1,0,1,0,0,0,1
768,2,4,45,0,0,0,1,0,0,0,0,1,0,0,0,0,0,1,0,0,0,0,0,1,1
546,3,4,42,0,0,0,1,0,1,0,0,0,0,0,0,0,0,0,1,0,0,0,1,0,1
711,1,5,32,1,0,0,0,0,0,0,0,0,0,0,0,1,0,0,1,0,1,0,0,0,1
958,1,3,65,0,0,0,1,0,1,0,0,0,0,0,0,0,0,1,0,0,0,0,1,0,1
898,1,2,42,0,1,0,0,0,0,0,0,0,1,0,0,0,0,1,0,0,0,1,0,0,1
579,3,1,37,0,0,1,0,0,0,0,0,0,1,0,0,0,0,0,1,0,0,1,0,0,1
844,1,5,41,0,1,0,0,1,0,0,0,0,0,0,0,0,0,0,1,0,0,1,0,0,1
610,2,4,54,0,0,1,0,0,0,0,0,0,0,0,0,0,1,0,1,0,1,0,0,0,1
869,1,5,59,1,0,0,0,0,0,0,0,0,0,0,0,1,0,0,1,0,0,0,0,1,1
89,4,5,19,0,0,0,1,0,0,0,0,0,1,0,0,0,0,0,1,0,0,0,0,1,1
799,1,5,55,0,1,0,0,0,0,0,0,0,1,0,0,0,0,0,1,0,0,1,0,0,1
233,5,5,62,1,0,0,0,0,0,0,0,0,1,0,0,0,0,0,1,1,0,0,0,0,1
444,4,3,63,0,0,0,1,0,0,0,0,0,0,0,1,0,0,1,0,0,1,0,0,0,1
436,5,2,63,1,0,0,0,0,0,0,0,0,0,0,0,1,0,0,1,0,0,0,1,0,1
309,4,5,52,0,0,1,0,0,0,0,0,0,0,0,0,1,0,0,1,1,0,0,0,0,1
512,4,2,60,1,0,0,0,0,0,0,0,0,1,0,0,0,0,0,1,0,0,0,0,1,1
185,5,2,58,0,0,0,1,0,0,0,0,0,0,0,1,0,0,0,1,0,0,0,0,1,1
422,3,5,48,1,0,0,0,0,0,0,0,0,1,0,0,0,0,0,1,0,0,1,0,0,1
462,4,5,58,0,0,1,0,0,0,0,0,0,0,0,0,1,0,0,1,0,1,0,0,0,1
886,1,5,61,0,0,1,0,1,0,0,0,0,0,0,0,0,0,0,1,1,0,0,0,0,1
756,1,4,58,0,0,1,0,0,0,0,0,0,0,0,0,0,1,1,0,0,0,1,0,0,1
503,3,4,39,0,0,1,0,0,0,1,0,0,0,0,0,0,0,0,1,0,1,0,0,0,1
309,4,5,52,0,0,1,0,0,0,0,0,0,0,0,0,1,0,0,1,1,0,0,0,0,1
528,4,3,60,1,0,0,0,0,0,0,0,0,1,0,0,0,0,0,1,0,0,1,0,0,1
70,5,5,25,1,0,0,0,0,0,0,0,0,1,0,0,0,0,0,1,0,1,0,0,0,1
463,4,3,64,0,1,0,0,0,0,0,0,0,0,0,0,0,1,0,1,0,0,0,1,0,1
219,5,5,64,0,0,0,1,0,0,0,0,0,0,1,0,0,0,1,0,0,0,0,0,1,1
508,3,5,43,1,0,0,0,0,0,1,0,0,0,0,0,0,0,1,0,0,0,0,0,1,1
372,3,5,28,0,0,1,0,0,0,0,0,0,0,0,1,0,0,0,1,1,0,0,0,0,1
89,4,5,19,0,0,0,1,0,0,0,0,0,1,0,0,0,0,0,1,0,0,0,0,1,1
929,2,5,65,0,0,0,1,0,0,0,0,0,0,0,1,0,0,1,0,0,0,0,0,1,1
681,2,3,38,0,0,1,0,0,0,0,0,0,1,0,0,0,0,0,1,0,0,1,0,0,1
755,1,5,51,0,0,0,1,1,0,0,0,0,0,0,0,0,0,1,0,0,0,0,0,1,1
748,2,5,45,0,0,1,0,0,0,1,0,0,0,0,0,0,0,1,0,1,0,0,0,0,1
430,4,4,57,1,0,0,0,0,1,0,0,0,0,0,0,0,0,0,1,0,0,0,0,1,1
923,1,3,55,0,1,0,0,0,0,0,0,0,1,0,0,0,0,1,0,1,0,0,0,0,1
810,2,4,61,1,0,0,0,0,1,0,0,0,0,0,0,0,0,1,0,1,0,0,0,0,1
413,3,5,45,0,0,0,1,1,0,0,0,0,0,0,0,0,0,0,1,1,0,0,0,0,1
44,5,5,25,0,0,1,0,0,0,0,0,0,0,0,0,1,0,0,1,0,0,0,0,1,1
303,4,4,49,0,0,1,0,0,0,1,0,0,0,0,0,0,0,1,0,0,0,0,0,1,1
847,2,2,52,0,1,0,0,0,0,0,0,0,1,0,0,0,0,0,1,0,0,0,1,0,1
685,2,4,48,0,0,0,1,0,0,0,0,0,1,0,0,0,0,0,1,0,1,0,0,0,1
901,1,4,60,1,0,0,0,0,0,0,0,0,0,1,0,0,0,1,0,0,0,1,0,0,1
788,1,2,21,1,0,0,0,0,0,0,0,0,1,0,0,0,0,0,1,0,0,1,0,0,1
374,5,1,65,0,0,1,0,0,0,0,0,0,0,0,0,1,0,0,1,0,0,0,0,1,1
413,3,5,45,0,0,0,1,1,0,0,0,0,0,0,0,0,0,0,1,1,0,0,0,0,1
781,1,3,57,1,0,0,0,0,0,0,0,0,0,0,0,1,0,1,0,0,1,0,0,0,1
754,2,4,57,0,1,0,0,0,0,0,0,0,0,0,1,0,0,1,0,0,0,1,0,0,1
444,4,3,63,0,0,0,1,0,0,0,0,0,0,0,1,0,0,1,0,0,1,0,0,0,1
645,3,3,59,1,0,0,0,0,1,0,0,0,0,0,0,0,0,0,1,0,0,0,1,0,1
801,2,4,56,0,0,1,0,0,0,0,1,0,0,0,0,0,0,0,1,0,0,1,0,0,1
308,5,5,65,0,0,1,0,0,0,0,1,0,0,0,0,0,0,0,1,0,0,0,1,0,1
102,5,3,43,0,0,0,1,0,0,1,0,0,0,0,0,0,0,1,0,0,0,1,0,0,1
681,2,3,38,0,0,1,0,0,0,0,0,0,1,0,0,0,0,0,1,0,0,1,0,0,1
916,1,5,65,0,1,0,0,0,1,0,0,0,0,0,0,0,0,0,1,0,0,0,1,0,1
73,5,5,42,1,0,0,0,0,0,1,0,0,0,0,0,0,0,1,0,0,1,0,0,0,1
505,2,5,40,0,0,0,1,0,0,0,0,0,0,1,0,0,0,0,1,0,0,0,0,1,1
456,3,4,55,0,0,1,0,1,0,0,0,0,0,0,0,0,0,1,0,1,0,0,0,0,1
877,1,5,58,0,1,0,0,1,0,0,0,0,0,0,0,0,0,1,0,0,0,0,0,1,1
700,3,2,64,0,0,0,1,0,0,0,0,0,0,0,1,0,0,0,1,0,0,0,0,1,1
309,4,5,52,0,0,1,0,0,0,0,0,0,0,0,0,1,0,0,1,1,0,0,0,0,1
434,4,4,57,0,0,1,0,0,0,0,0,0,1,0,0,0,0,0,1,1,0,0,0,0,1
286,5,4,65,0,0,1,0,0,0,0,0,1,0,0,0,0,0,1,0,1,0,0,0,0,1
886,1,5,61,0,0,1,0,1,0,0,0,0,0,0,0,0,0,0,1,1,0,0,0,0,1
262,5,3,45,0,1,0,0,0,0,0,0,0,1,0,0,0,0,0,1,0,1,0,0,0,1
181,5,4,64,1,0,0,0,0,0,0,0,0,0,0,0,1,0,0,1,0,0,0,0,1,1
331,4,4,58,1,0,0,0,0,0,1,0,0,0,0,0,0,0,0,1,0,0,1,0,0,1
871,1,5,48,1,0,0,0,0,0,1,0,0,0,0,0,0,0,1,0,0,1,0,0,0,1
89,4,5,19,0,0,0,1,0,0,0,0,0,1,0,0,0,0,0,1,0,0,0,0,1,1
776,2,3,62,0,0,0,1,0,0,0,0,0,0,0,0,1,0,0,1,0,1,0,0,0,1
592,2,5,44,0,0,0,1,0,0,0,0,1,0,0,0,0,0,1,0,0,0,0,1,0,1
520,3,5,53,0,0,0,1,0,0,0,0,0,0,0,0,0,1,0,1,0,1,0,0,0,1
8,5,5,33,0,1,0,0,0,0,0,1,0,0,0,0,0,0,1,0,0,1,0,0,0,1
766,1,4,47,0,0,0,1,0,0,0,0,0,0,0,1,0,0,1,0,0,1,0,0,0,1
221,5,3,53,0,0,1,0,0,0,1,0,0,0,0,0,0,0,0,1,1,0,0,0,0,1
503,3,4,39,0,0,1,0,0,0,1,0,0,0,0,0,0,0,0,1,0,1,0,0,0,1
434,4,4,57,0,0,1,0,0,0,0,0,0,1,0,0,0,0,0,1,1,0,0,0,0,1
295,5,4,58,1,0,0,0,0,0,0,0,0,0,0,0,0,1,0,1,0,0,0,0,1,1
860,1,3,37,0,0,0,1,0,0,0,0,0,1,0,0,0,0,0,1,1,0,0,0,0,1
799,1,5,55,0,1,0,0,0,0,0,0,0,1,0,0,0,0,0,1,0,0,1,0,0,1
308,5,5,65,0,0,1,0,0,0,0,1,0,0,0,0,0,0,0,1,0,0,0,1,0,1
185,5,2,58,0,0,0,1,0,0,0,0,0,0,0,1,0,0,0,1,0,0,0,0,1,1
901,1,4,60,1,0,0,0,0,0,0,0,0,0,1,0,0,0,1,0,0,0,1,0,0,1
96,5,5,47,0,1,0,0,0,0,1,0,0,0,0,0,0,0,1,0,0,0,0,0,1,1
781,1,3,57,1,0,0,0,0,0,0,0,0,0,0,0,1,0,1,0,0,1,0,0,0,1
985,1,1,55,0,1,0,0,0,0,0,0,0,1,0,0,0,0,0,1,1,0,0,0,0,1
502,3,3,44,0,0,1,0,1,0,0,0,0,0,0,0,0,0,0,1,0,0,1,0,0,1
804,2,4,64,0,0,0,1,0,0,0,0,0,0,0,0,1,0,0,1,0,1,0,0,0,1
610,2,4,54,0,0,1,0,0,0,0,0,0,0,0,0,0,1,0,1,0,1,0,0,0,1
175,5,4,54,0,0,0,1,0,1,0,0,0,0,0,0,0,0,0,1,1,0,0,0,0,1
334,4,5,36,0,1,0,0,0,0,1,0,0,0,0,0,0,0,1,0,1,0,0,0,0,1
520,3,5,53,0,0,0,1,0,0,0,0,0,0,0,0,0,1,0,1,0,1,0,0,0,1
968,1,3,62,0,1,0,0,0,0,0,0,0,0,0,0,1,0,0,1,0,0,0,0,1,1
968,1,3,62,0,1,0,0,0,0,0,0,0,0,0,0,1,0,0,1,0,0,0,0,1,1
480,1,5,18,0,0,1,0,0,0,0,0,0,1,0,0,0,0,0,1,0,0,1,0,0,1
956,1,2,65,0,0,0,1,1,0,0,0,0,0,0,0,0,0,1,0,0,0,0,1,0,1
526,3,5,49,0,0,1,0,0,0,0,1,0,0,0,0,0,0,0,1,0,0,0,1,0,1
916,1,5,65,0,1,0,0,0,1,0,0,0,0,0,0,0,0,0,1,0,0,0,1,0,1
422,3,5,48,1,0,0,0,0,0,0,0,0,1,0,0,0,0,0,1,0,0,1,0,0,1
700,3,2,64,0,0,0,1,0,0,0,0,0,0,0,1,0,0,0,1,0,0,0,0,1,1
579,3,1,37,0,0,1,0,0,0,0,0,0,1,0,0,0,0,0,1,0,0,1,0,0,1
915,1,4,61,0,0,1,0,0,0,1,0,0,0,0,0,0,0,1,0,0,1,0,0,0,1
546,3,4,42,0,0,0,1,0,1,0,0,0,0,0,0,0,0,0,1,0,0,0,1,0,1
860,1,3,37,0,0,0,1,0,0,0,0,0,1,0,0,0,0,0,1,1,0,0,0,0,1
802,2,2,59,0,1,0,0,0,0,0,0,0,1,0,0,0,0,1,0,0,0,1,0,0,1
344,5,5,63,0,0,1,0,0,0,0,0,1,0,0,0,0,0,0,1,0,0,0,1,0,1
233,5,5,62,1,0,0,0,0,0,0,0,0,1,0,0,0,0,0,1,1,0,0,0,0,1
945,2,1,61,1,0,0,0,0,0,0,0,0,1,0,0,0,0,0,1,0,0,0,0,1,1
392,2,5,21,1,0,0,0,0,0,0,0,0,1,0,0,0,0,0,1,1,0,0,0,0,1
399,5,4,60,0,1,0,0,0,0,1,0,0,0,0,0,0,0,0,1,0,1,0,0,0,1
890,1,2,41,0,0,1,0,0,0,0,0,0,1,0,0,0,0,0,1,0,0,0,0,1,1
697,2,5,57,0,0,1,0,0,0,0,1,0,0,0,0,0,0,1,0,0,0,0,0,1,1
438,2,5,45,0,1,0,0,0,0,0,0,0,1,0,0,0,0,1,0,0,0,1,0,0,1
902,1,4,63,0,0,1,0,0,1,0,0,0,0,0,0,0,0,1,0,0,0,1,0,0,1
163,4,5,38,1,0,0,0,0,0,1,0,0,0,0,0,0,0,0,1,0,0,1,0,0,1
309,4,5,52,0,0,1,0,0,0,0,0,0,0,0,0,1,0,0,1,1,0,0,0,0,1
582,2,3,42,1,0,0,0,0,0,0,0,0,0,0,0,1,0,0,1,1,0,0,0,0,1
448,5,1,63,0,0,1,0,0,0,0,0,0,1,0,0,0,0,0,1,0,0,0,1,0,1
878,1,2,36,0,1,0,0,0,0,0,0,0,1,0,0,0,0,0,1,0,0,0,1,0,1
462,4,5,58,0,0,1,0,0,0,0,0,0,0,0,0,1,0,0,1,0,1,0,0,0,1
926,1,2,57,0,0,0,1,1,0,0,0,0,0,0,0,0,0,1,0,0,0,0,1,0,1
73,5,5,42,1,0,0,0,0,0,1,0,0,0,0,0,0,0,1,0,0,1,0,0,0,1
298,5,4,65,0,1,0,0,0,0,0,1,0,0,0,0,0,0,1,0,0,0,0,1,0,1
157,5,5,53,0,0,1,0,1,0,0,0,0,0,0,0,0,0,1,0,0,1,0,0,0,1
794,2,3,50,0,0,1,0,0,0,1,0,0,0,0,0,0,0,0,1,0,0,0,1,0,1
772,2,2,54,1,0,0,0,0,0,1,0,0,0,0,0,0,0,1,0,0,0,0,0,1,1
507,3,5,63,1,0,0,0,0,0,0,1,0,0,0,0,0,0,1,0,0,0,1,0,0,1
220,4,5,51,0,1,0,0,0,0,0,0,0,0,0,0,0,1,1,0,0,0,1,0,0,1
841,2,5,60,0,0,0,1,0,0,0,0,0,0,0,1,0,0,1,0,0,1,0,0,0,1
752,3,3,59,1,0,0,0,0,0,0,0,0,1,0,0,0,0,0,1,0,1,0,0,0,1
528,4,3,60,1,0,0,0,0,0,0,0,0,1,0,0,0,0,0,1,0,0,1,0,0,1
157,5,5,53,0,0,1,0,1,0,0,0,0,0,0,0,0,0,1,0,0,1,0,0,0,1
233,5,5,62,1,0,0,0,0,0,0,0,0,1,0,0,0,0,0,1,1,0,0,0,0,1
801,2,4,56,0,0,1,0,0,0,0,1,0,0,0,0,0,0,0,1,0,0,1,0,0,1
489,1,5,22,0,0,0,1,0,0,0,0,0,0,0,0,0,1,1,0,0,0,0,1,0,1
835,1,5,45,0,1,0,0,0,0,0,0,0,1,0,0,0,0,1,0,0,1,0,0,0,1
958,1,3,65,0,0,0,1,0,1,0,0,0,0,0,0,0,0,1,0,0,0,0,1,0,1
502,3,3,44,0,0,1,0,1,0,0,0,0,0,0,0,0,0,0,1,0,0,1,0,0,1
456,3,4,55,0,0,1,0,1,0,0,0,0,0,0,0,0,0,1,0,1,0,0,0,0,1
610,2,4,54,0,0,1,0,0,0,0,0,0,0,0,0,0,1,0,1,0,1,0,0,0,1
746,1,4,43,0,0,0,1,0,0,0,0,0,1,0,0,0,0,0,1,0,0,1,0,0,1
24,4,5,21,0,0,0,1,0,0,0,0,0,0,0,0,1,0,0,1,0,1,0,0,0,1
847,2,2,52,0,1,0,0,0,0,0,0,0,1,0,0,0,0,0,1,0,0,0,1,0,1
734,2,3,36,0,0,1,0,0,0,0,0,0,1,0,0,0,0,0,1,0,0,0,0,1,1
610,2,4,54,0,0,1,0,0,0,0,0,0,0,0,0,0,1,0,1,0,1,0,0,0,1
999,1,2,60,0,0,0,1,0,0,1,0,0,0,0,0,0,0,0,1,0,0,0,0,1,1
901,1,4,60,1,0,0,0,0,0,0,0,0,0,1,0,0,0,1,0,0,0,1,0,0,1
599,3,2,63,0,0,0,1,0,0,0,0,0,0,0,0,1,0,0,1,0,1,0,0,0,1
825,2,4,59,1,0,0,0,0,0,0,1,0,0,0,0,0,0,1,0,0,1,0,0,0,1
874,1,4,59,0,0,0,1,0,0,0,1,0,0,0,0,0,0,0,1,0,0,0,0,1,1
379,2,5,34,0,0,0,1,0,0,0,0,0,0,0,0,0,1,1,0,0,0,1,0,0,1
411,3,2,43,0,0,0,1,0,0,0,0,0,1,0,0,0,0,0,1,0,0,1,0,0,1
493,4,1,62,0,0,0,1,0,0,0,0,0,1,0,0,0,0,0,1,0,1,0,0,0,1
333,4,4,59,0,0,0,1,0,0,0,1,0,0,0,0,0,0,1,0,0,0,1,0,0,1
944,2,2,65,0,0,1,0,1,0,0,0,0,0,0,0,0,0,0,1,0,0,0,0,1,1
144,5,5,43,0,1,0,0,0,0,1,0,0,0,0,0,0,0,1,0,0,0,0,0,1,1
741,3,2,65,0,1,0,0,0,0,0,0,0,0,0,0,1,0,0,1,0,0,0,0,1,1
847,2,2,52,0,1,0,0,0,0,0,0,0,1,0,0,0,0,0,1,0,0,0,1,0,1
181,5,4,64,1,0,0,0,0,0,0,0,0,0,0,0,1,0,0,1,0,0,0,0,1,1
425,4,5,58,1,0,0,0,0,0,0,0,1,0,0,0,0,0,0,1,0,0,1,0,0,1
344,5,5,63,0,0,1,0,0,0,0,0,1,0,0,0,0,0,0,1,0,0,0,1,0,1
804,2,4,64,0,0,0,1,0,0,0,0,0,0,0,0,1,0,0,1,0,1,0,0,0,1
366,5,3,62,0,0,0,1,0,0,0,0,0,1,0,0,0,0,0,1,0,1,0,0,0,1
469,3,2,31,0,0,0,1,0,0,0,0,0,1,0,0,0,0,0,1,0,1,0,0,0,1
80,5,5,29,0,0,1,0,0,0,1,0,0,0,0,0,0,0,0,1,0,1,0,0,0,1
493,4,1,62,0,0,0,1,0,0,0,0,0,1,0,0,0,0,0,1,0,1,0,0,0,1
898,1,2,42,0,1,0,0,0,0,0,0,0,1,0,0,0,0,1,0,0,0,1,0,0,1
772,2,2,54,1,0,0,0,0,0,1,0,0,0,0,0,0,0,1,0,0,0,0,0,1,1
927,1,4,58,0,0,0,1,0,0,0,0,0,1,0,0,0,0,0,1,0,0,1,0,0,1
467,2,5,30,0,0,1,0,0,0,0,0,0,0,0,0,1,0,0,1,0,1,0,0,0,1
190,5,5,56,0,0,0,1,0,0,0,0,0,0,0,0,1,0,0,1,1,0,0,0,0,1
747,3,4,62,1,0,0,0,0,0,0,0,1,0,0,0,0,0,1,0,0,0,0,0,1,1
958,1,3,65,0,0,0,1,0,1,0,0,0,0,0,0,0,0,1,0,0,0,0,1,0,1
825,2,4,59,1,0,0,0,0,0,0,1,0,0,0,0,0,0,1,0,0,1,0,0,0,1
70,5,5,25,1,0,0,0,0,0,0,0,0,1,0,0,0,0,0,1,0,1,0,0,0,1
34,5,5,45,0,0,0,1,1,0,0,0,0,0,0,0,0,0,1,0,0,0,1,0,0,1
101,5,5,48,1,0,0,0,0,0,0,0,0,0,0,0,0,1,1,0,0,0,1,0,0,1
298,5,4,65,0,1,0,0,0,0,0,1,0,0,0,0,0,0,1,0,0,0,0,1,0,1
407,4,1,53,1,0,0,0,0,0,0,0,0,1,0,0,0,0,0,1,0,0,1,0,0,1
599,3,2,63,0,0,0,1,0,0,0,0,0,0,0,0,1,0,0,1,0,1,0,0,0,1
956,1,2,65,0,0,0,1,1,0,0,0,0,0,0,0,0,0,1,0,0,0,0,1,0,1
480,1,5,18,0,0,1,0,0,0,0,0,0,1,0,0,0,0,0,1,0,0,1,0,0,1
99,5,5,55,1,0,0,0,0,0,0,0,1,0,0,0,0,0,0,1,0,0,1,0,0,1
546,3,4,42,0,0,0,1,0,1,0,0,0,0,0,0,0,0,0,1,0,0,0,1,0,1
130,5,5,53,0,0,0,1,0,0,0,0,1,0,0,0,0,0,0,1,0,0,1,0,0,1
582,2,3,42,1,0,0,0,0,0,0,0,0,0,0,0,1,0,0,1,1,0,0,0,0,1
927,1,4,58,0,0,0,1,0,0,0,0,0,1,0,0,0,0,0,1,0,0,1,0,0,1
436,5,2,63,1,0,0,0,0,0,0,0,0,0,0,0,1,0,0,1,0,0,0,1,0,1
805,2,3,63,0,0,1,0,0,0,0,0,0,0,0,1,0,0,0,1,0,1,0,0,0,1
597,3,5,54,0,0,0,1,0,0,0,0,0,0,1,0,0,0,1,0,0,1,0,0,0,1
956,1,2,65,0,0,0,1,1,0,0,0,0,0,0,0,0,0,1,0,0,0,0,1,0,1
880,1,5,44,0,1,0,0,0,0,0,0,1,0,0,0,0,0,1,0,0,0,0,0,1,1
144,5,5,43,0,1,0,0,0,0,1,0,0,0,0,0,0,0,1,0,0,0,0,0,1,1
539,3,4,49,1,0,0,0,1,0,0,0,0,0,0,0,0,0,1,0,0,1,0,0,0,1
308,5,5,65,0,0,1,0,0,0,0,1,0,0,0,0,0,0,0,1,0,0,0,1,0,1
505,2,5,40,0,0,0,1,0,0,0,0,0,0,1,0,0,0,0,1,0,0,0,0,1,1
529,3,1,41,0,0,0,1,0,0,0,0,0,1,0,0,0,0,1,0,0,0,1,0,0,1
805,2,3,63,0,0,1,0,0,0,0,0,0,0,0,1,0,0,0,1,0,1,0,0,0,1
766,1,4,47,0,0,0,1,0,0,0,0,0,0,0,1,0,0,1,0,0,1,0,0,0,1
880,1,5,44,0,1,0,0,0,0,0,0,1,0,0,0,0,0,1,0,0,0,0,0,1,1
657,1,5,42,0,0,0,1,0,0,0,0,0,0,0,0,0,1,1,0,0,0,0,1,0,1
350,4,5,65,0,1,0,0,0,0,0,0,0,0,0,0,1,0,0,1,0,0,1,0,0,1
623,1,5,25,0,0,1,0,0,0,0,0,0,1,0,0,0,0,1,0,0,0,1,0,0,1
284,4,4,57,0,0,1,0,0,0,0,1,0,0,0,0,0,0,0,1,0,0,1,0,0,1
835,1,5,45,0,1,0,0,0,0,0,0,0,1,0,0,0,0,1,0,0,1,0,0,0,1
876,3,3,64,0,1,0,0,0,0,1,0,0,0,0,0,0,0,0,1,1,0,0,0,0,1
483,4,3,58,0,0,0,1,0,0,0,0,0,0,0,1,0,0,0,1,1,0,0,0,0,1
929,2,5,65,0,0,0,1,0,0,0,0,0,0,0,1,0,0,1,0,0,0,0,0,1,1
547,4,3,55,1,0,0,0,0,0,0,0,0,0,0,1,0,0,0,1,1,0,0,0,0,1
953,1,3,62,0,0,0,1,1,0,0,0,0,0,0,0,0,0,0,1,1,0,0,0,0,1
869,1,5,59,1,0,0,0,0,0,0,0,0,0,0,0,1,0,0,1,0,0,0,0,1,1
341,4,5,58,0,1,0,0,0,1,0,0,0,0,0,0,0,0,1,0,0,0,0,0,1,1
407,4,1,53,1,0,0,0,0,0,0,0,0,1,0,0,0,0,0,1,0,0,1,0,0,1
731,2,4,56,0,0,0,1,0,0,0,0,0,1,0,0,0,0,0,1,1,0,0,0,0,1
80,5,5,29,0,0,1,0,0,0,1,0,0,0,0,0,0,0,0,1,0,1,0,0,0,1
480,1,5,18,0,0,1,0,0,0,0,0,0,1,0,0,0,0,0,1,0,0,1,0,0,1
528,4,3,60,1,0,0,0,0,0,0,0,0,1,0,0,0,0,0,1,0,0,1,0,0,1
927,1,4,58,0,0,0,1,0,0,0,0,0,1,0,0,0,0,0,1,0,0,1,0,0,1
143,5,4,44,0,0,1,0,0,0,1,0,0,0,0,0,0,0,0,1,1,0,0,0,0,1
444,4,3,63,0,0,0,1,0,0,0,0,0,0,0,1,0,0,1,0,0,1,0,0,0,1
341,4,5,58,0,1,0,0,0,1,0,0,0,0,0,0,0,0,1,0,0,0,0,0,1,1
793,1,5,30,0,1,0,0,0,0,0,0,0,1,0,0,0,0,0,1,0,0,0,0,1,1
353,4,5,59,0,0,0,1,0,0,0,0,0,1,0,0,0,0,0,1,0,0,0,0,1,1
482,3,4,61,0,0,0,1,0,0,0,0,0,0,0,1,0,0,1,0,0,0,1,0,0,1
610,2,4,54,0,0,1,0,0,0,0,0,0,0,0,0,0,1,0,1,0,1,0,0,0,1
344,5,5,63,0,0,1,0,0,0,0,0,1,0,0,0,0,0,0,1,0,0,0,1,0,1
609,4,5,65,0,0,1,0,0,0,0,0,1,0,0,0,0,0,0,1,0,0,0,0,1,1
665,2,4,47,0,0,1,0,0,0,0,0,0,0,0,0,1,0,0,1,0,0,0,1,0,1
298,5,4,65,0,1,0,0,0,0,0,1,0,0,0,0,0,0,1,0,0,0,0,1,0,1
835,1,5,45,0,1,0,0,0,0,0,0,0,1,0,0,0,0,1,0,0,1,0,0,0,1
317,5,2,64,0,1,0,0,0,0,0,0,0,0,0,0,1,0,0,1,0,0,0,1,0,1
657,1,5,42,0,0,0,1,0,0,0,0,0,0,0,0,0,1,1,0,0,0,0,1,0,1
309,4,5,52,0,0,1,0,0,0,0,0,0,0,0,0,1,0,0,1,1,0,0,0,0,1
746,1,4,43,0,0,0,1,0,0,0,0,0,1,0,0,0,0,0,1,0,0,1,0,0,1
886,1,5,61,0,0,1,0,1,0,0,0,0,0,0,0,0,0,0,1,1,0,0,0,0,1
601,4,3,62,1,0,0,0,0,0,0,0,1,0,0,0,0,0,1,0,0,0,1,0,0,1
660,2,3,51,0,0,1,0,0,0,0,0,0,0,0,0,1,0,0,1,0,1,0,0,0,1
122,5,4,51,0,0,0,1,1,0,0,0,0,0,0,0,0,0,0,1,0,0,0,1,0,1
929,2,5,65,0,0,0,1,0,0,0,0,0,0,0,1,0,0,1,0,0,0,0,0,1,1
623,1,5,25,0,0,1,0,0,0,0,0,0,1,0,0,0,0,1,0,0,0,1,0,0,1
886,1,5,61,0,0,1,0,1,0,0,0,0,0,0,0,0,0,0,1,1,0,0,0,0,1
20,5,5,36,0,0,0,1,0,0,0,0,0,0,0,0,0,1,0,1,0,1,0,0,0,1
731,2,4,56,0,0,0,1,0,0,0,0,0,1,0,0,0,0,0,1,1,0,0,0,0,1
846,1,5,64,0,0,0,1,0,0,1,0,0,0,0,0,0,0,0,1,0,0,0,1,0,1
122,5,4,51,0,0,0,1,1,0,0,0,0,0,0,0,0,0,0,1,0,0,0,1,0,1
610,2,4,54,0,0,1,0,0,0,0,0,0,0,0,0,0,1,0,1,0,1,0,0,0,1
575,3,3,57,0,0,1,0,1,0,0,0,0,0,0,0,0,0,1,0,0,0,0,1,0,1
880,1,5,44,0,1,0,0,0,0,0,0,1,0,0,0,0,0,1,0,0,0,0,0,1,1
309,4,5,52,0,0,1,0,0,0,0,0,0,0,0,0,1,0,0,1,1,0,0,0,0,1
507,3,5,63,1,0,0,0,0,0,0,1,0,0,0,0,0,0,1,0,0,0,1,0,0,1
165,5,5,49,0,0,1,0,0,0,0,0,0,0,0,0,1,0,0,1,1,0,0,0,0,1
66,5,5,53,1,0,0,0,0,0,0,0,0,0,0,0,0,1,1,0,0,1,0,0,0,1
776,2,3,62,0,0,0,1,0,0,0,0,0,0,0,0,1,0,0,1,0,1,0,0,0,1
698,3,1,50,0,0,0,1,0,0,0,0,0,0,0,0,1,0,0,1,0,0,0,0,1,1
327,4,4,62,0,0,1,0,0,0,0,0,0,1,0,0,0,0,1,0,0,0,0,0,1,1
371,3,4,32,0,1,0,0,0,0,0,0,0,1,0,0,0,0,0,1,0,0,0,1,0,1
463,4,3,64,0,1,0,0,0,0,0,0,0,0,0,0,0,1,0,1,0,0,0,1,0,1
794,2,3,50,0,0,1,0,0,0,1,0,0,0,0,0,0,0,0,1,0,0,0,1,0,1
233,5,5,62,1,0,0,0,0,0,0,0,0,1,0,0,0,0,0,1,1,0,0,0,0,1
833,1,3,61,0,0,1,0,0,0,0,0,0,0,0,0,0,1,1,0,0,0,1,0,0,1
926,1,2,57,0,0,0,1,1,0,0,0,0,0,0,0,0,0,1,0,0,0,0,1,0,1
877,1,5,58,0,1,0,0,1,0,0,0,0,0,0,0,0,0,1,0,0,0,0,0,1,1
392,2,5,21,1,0,0,0,0,0,0,0,0,1,0,0,0,0,0,1,1,0,0,0,0,1
502,3,3,44,0,0,1,0,1,0,0,0,0,0,0,0,0,0,0,1,0,0,1,0,0,1
660,2,3,51,0,0,1,0,0,0,0,0,0,0,0,0,1,0,0,1,0,1,0,0,0,1
505,2,5,40,0,0,0,1,0,0,0,0,0,0,1,0,0,0,0,1,0,0,0,0,1,1
886,1,5,61,0,0,1,0,1,0,0,0,0,0,0,0,0,0,0,1,1,0,0,0,0,1
712,2,5,55,1,0,0,0,0,0,0,0,0,1,0,0,0,0,0,1,0,0,1,0,0,1
308,5,5,65,0,0,1,0,0,0,0,1,0,0,0,0,0,0,0,1,0,0,0,1,0,1
772,2,2,54,1,0,0,0,0,0,1,0,0,0,0,0,0,0,1,0,0,0,0,0,1,1
243,4,5,36,0,0,1,0,0,0,0,0,0,0,0,0,1,0,0,1,0,1,0,0,0,1
284,4,4,57,0,0,1,0,0,0,0,1,0,0,0,0,0,0,0,1,0,0,1,0,0,1
99,5,5,55,1,0,0,0,0,0,0,0,1,0,0,0,0,0,0,1,0,0,1,0,0,1
755,1,5,51,0,0,0,1,1,0,0,0,0,0,0,0,0,0,1,0,0,0,0,0,1,1
407,4,1,53,1,0,0,0,0,0,0,0,0,1,0,0,0,0,0,1,0,0,1,0,0,1
878,1,2,36,0,1,0,0,0,0,0,0,0,1,0,0,0,0,0,1,0,0,0,1,0,1
350,4,5,65,0,1,0,0,0,0,0,0,0,0,0,0,1,0,0,1,0,0,1,0,0,1
746,1,4,43,0,0,0,1,0,0,0,0,0,1,0,0,0,0,0,1,0,0,1,0,0,1
696,3,4,62,0,0,1,0,0,0,0,0,1,0,0,0,0,0,0,1,0,1,0,0,0,1
846,1,5,64,0,0,0,1,0,0,1,0,0,0,0,0,0,0,0,1,0,0,0,1,0,1
156,4,5,30,0,0,1,0,0,0,0,0,0,0,0,1,0,0,0,1,0,0,0,0,1,1
395,3,5,48,0,0,1,0,0,0,0,0,0,0,0,1,0,0,0,1,0,1,0,0,0,1
546,3,4,42,0,0,0,1,0,1,0,0,0,0,0,0,0,0,0,1,0,0,0,1,0,1
482,3,4,61,0,0,0,1,0,0,0,0,0,0,0,1,0,0,1,0,0,0,1,0,0,1
562,3,5,57,0,0,0,1,0,0,0,0,0,1,0,0,0,0,0,1,0,0,0,1,0,1
880,1,5,44,0,1,0,0,0,0,0,0,1,0,0,0,0,0,1,0,0,0,0,0,1,1
558,4,2,59,1,0,0,0,0,0,0,0,0,1,0,0,0,0,0,1,0,1,0,0,0,1
126,5,5,58,0,1,0,0,0,0,0,0,0,0,0,1,0,0,0,1,0,1,0,0,0,1
262,5,3,45,0,1,0,0,0,0,0,0,0,1,0,0,0,0,0,1,0,1,0,0,0,1
399,5,4,60,0,1,0,0,0,0,1,0,0,0,0,0,0,0,0,1,0,1,0,0,0,1
781,1,3,57,1,0,0,0,0,0,0,0,0,0,0,0,1,0,1,0,0,1,0,0,0,1
801,2,4,56,0,0,1,0,0,0,0,1,0,0,0,0,0,0,0,1,0,0,1,0,0,1
80,5,5,29,0,0,1,0,0,0,1,0,0,0,0,0,0,0,0,1,0,1,0,0,0,1
425,4,5,58,1,0,0,0,0,0,0,0,1,0,0,0,0,0,0,1,0,0,1,0,0,1
860,1,3,37,0,0,0,1,0,0,0,0,0,1,0,0,0,0,0,1,1,0,0,0,0,1
896,1,4,48,1,0,0,0,0,0,1,0,0,0,0,0,0,0,1,0,1,0,0,0,0,1
